<?xml version="1.0" encoding="UTF-8"?>
<!-- track-length = 94981 filtered ascend = 592 plain-ascend = 2 cost=114259 energy=.5kwh time=5h 5m 15s -->
<gpx 
 xmlns="http://www.topografix.com/GPX/1/1" 
 xmlns:xsi="http://www.w3.org/2001/XMLSchema-instance" 
 xsi:schemaLocation="http://www.topografix.com/GPX/1/1 http://www.topografix.com/GPX/1/1/gpx.xsd" 
 creator="BRouter-1.7.10" version="1.1">
 <trk>
  <name>brouter_trekking_0</name>
  <trkseg>
   <trkpt lon="-0.127818" lat="51.507392"><ele>8.0</ele></trkpt>
   <trkpt lon="-0.127843" lat="51.507415"><ele>8.25</ele></trkpt>
   <trkpt lon="-0.127937" lat="51.507432"><ele>8.5</ele></trkpt>
   <trkpt lon="-0.127996" lat="51.507446"><ele>8.75</ele></trkpt>
   <trkpt lon="-0.127933" lat="51.507502"><ele>8.75</ele></trkpt>
   <trkpt lon="-0.127872" lat="51.507533"><ele>9.0</ele></trkpt>
   <trkpt lon="-0.127827" lat="51.507548"><ele>9.0</ele></trkpt>
   <trkpt lon="-0.127710" lat="51.507570"><ele>8.75</ele></trkpt>
   <trkpt lon="-0.127630" lat="51.507577"><ele>8.5</ele></trkpt>
   <trkpt lon="-0.127556" lat="51.507576"><ele>8.25</ele></trkpt>
   <trkpt lon="-0.127496" lat="51.507569"><ele>8.0</ele></trkpt>
   <trkpt lon="-0.127405" lat="51.507540"><ele>8.0</ele></trkpt>
   <trkpt lon="-0.127355" lat="51.507515"><ele>8.0</ele></trkpt>
   <trkpt lon="-0.127322" lat="51.507497"><ele>7.75</ele></trkpt>
   <trkpt lon="-0.127284" lat="51.507463"><ele>7.75</ele></trkpt>
   <trkpt lon="-0.127280" lat="51.507455"><ele>7.75</ele></trkpt>
   <trkpt lon="-0.127278" lat="51.507436"><ele>7.75</ele></trkpt>
   <trkpt lon="-0.127301" lat="51.507360"><ele>7.25</ele></trkpt>
   <trkpt lon="-0.127341" lat="51.507302"><ele>7.25</ele></trkpt>
   <trkpt lon="-0.127413" lat="51.507254"><ele>7.0</ele></trkpt>
   <trkpt lon="-0.127434" lat="51.507209"><ele>6.75</ele></trkpt>
   <trkpt lon="-0.127439" lat="51.507168"><ele>6.75</ele></trkpt>
   <trkpt lon="-0.127438" lat="51.507132"><ele>6.5</ele></trkpt>
   <trkpt lon="-0.127396" lat="51.506850"><ele>5.5</ele></trkpt>
   <trkpt lon="-0.127370" lat="51.506790"><ele>5.5</ele></trkpt>
   <trkpt lon="-0.127306" lat="51.506645"><ele>5.25</ele></trkpt>
   <trkpt lon="-0.127231" lat="51.506483"><ele>5.0</ele></trkpt>
   <trkpt lon="-0.127109" lat="51.506271"><ele>5.0</ele></trkpt>
   <trkpt lon="-0.127070" lat="51.506199"><ele>5.0</ele></trkpt>
   <trkpt lon="-0.126980" lat="51.506154"><ele>5.0</ele></trkpt>
   <trkpt lon="-0.126959" lat="51.506114"><ele>5.0</ele></trkpt>
   <trkpt lon="-0.126945" lat="51.506089"><ele>5.0</ele></trkpt>
   <trkpt lon="-0.126897" lat="51.506009"><ele>4.75</ele></trkpt>
   <trkpt lon="-0.126707" lat="51.505621"><ele>4.0</ele></trkpt>
   <trkpt lon="-0.126655" lat="51.505502"><ele>3.75</ele></trkpt>
   <trkpt lon="-0.126597" lat="51.505396"><ele>3.75</ele></trkpt>
   <trkpt lon="-0.126521" lat="51.505246"><ele>4.0</ele></trkpt>
   <trkpt lon="-0.126441" lat="51.505048"><ele>4.0</ele></trkpt>
   <trkpt lon="-0.126418" lat="51.504996"><ele>4.0</ele></trkpt>
   <trkpt lon="-0.126357" lat="51.504855"><ele>4.0</ele></trkpt>
   <trkpt lon="-0.126287" lat="51.504865"><ele>4.0</ele></trkpt>
   <trkpt lon="-0.126204" lat="51.504875"><ele>4.0</ele></trkpt>
   <trkpt lon="-0.125928" lat="51.504906"><ele>4.0</ele></trkpt>
   <trkpt lon="-0.125875" lat="51.504892"><ele>4.0</ele></trkpt>
   <trkpt lon="-0.125839" lat="51.504897"><ele>4.0</ele></trkpt>
   <trkpt lon="-0.125481" lat="51.504938"><ele>4.0</ele></trkpt>
   <trkpt lon="-0.125281" lat="51.504952"><ele>4.0</ele></trkpt>
   <trkpt lon="-0.125105" lat="51.504953"><ele>4.5</ele></trkpt>
   <trkpt lon="-0.124836" lat="51.504935"><ele>5.0</ele></trkpt>
   <trkpt lon="-0.123463" lat="51.504693"><ele>4.0</ele></trkpt>
   <trkpt lon="-0.123408" lat="51.504684"><ele>4.0</ele></trkpt>
   <trkpt lon="-0.123314" lat="51.504668"><ele>4.0</ele></trkpt>
   <trkpt lon="-0.123225" lat="51.504655"><ele>4.0</ele></trkpt>
   <trkpt lon="-0.123124" lat="51.504716"><ele>4.0</ele></trkpt>
   <trkpt lon="-0.123051" lat="51.504708"><ele>3.75</ele></trkpt>
   <trkpt lon="-0.123079" lat="51.504607"><ele>4.0</ele></trkpt>
   <trkpt lon="-0.123113" lat="51.504469"><ele>4.0</ele></trkpt>
   <trkpt lon="-0.123120" lat="51.504450"><ele>4.0</ele></trkpt>
   <trkpt lon="-0.123127" lat="51.504433"><ele>4.25</ele></trkpt>
   <trkpt lon="-0.123261" lat="51.504050"><ele>4.5</ele></trkpt>
   <trkpt lon="-0.123484" lat="51.503257"><ele>4.5</ele></trkpt>
   <trkpt lon="-0.123821" lat="51.501931"><ele>5.75</ele></trkpt>
   <trkpt lon="-0.123872" lat="51.501447"><ele>6.75</ele></trkpt>
   <trkpt lon="-0.123919" lat="51.501160"><ele>7.75</ele></trkpt>
   <trkpt lon="-0.123935" lat="51.501078"><ele>7.75</ele></trkpt>
   <trkpt lon="-0.123954" lat="51.500933"><ele>7.25</ele></trkpt>
   <trkpt lon="-0.123701" lat="51.500920"><ele>5.25</ele></trkpt>
   <trkpt lon="-0.123613" lat="51.500915"><ele>4.25</ele></trkpt>
   <trkpt lon="-0.123599" lat="51.500914"><ele>4.0</ele></trkpt>
   <trkpt lon="-0.123577" lat="51.500913"><ele>3.75</ele></trkpt>
   <trkpt lon="-0.123238" lat="51.500954"><ele>3.75</ele></trkpt>
   <trkpt lon="-0.119986" lat="51.500864"><ele>2.0</ele></trkpt>
   <trkpt lon="-0.119852" lat="51.500862"><ele>2.0</ele></trkpt>
   <trkpt lon="-0.119672" lat="51.500889"><ele>3.0</ele></trkpt>
   <trkpt lon="-0.119518" lat="51.500894"><ele>2.25</ele></trkpt>
   <trkpt lon="-0.119300" lat="51.500885"><ele>2.0</ele></trkpt>
   <trkpt lon="-0.119217" lat="51.500861"><ele>2.0</ele></trkpt>
   <trkpt lon="-0.118990" lat="51.500793"><ele>2.0</ele></trkpt>
   <trkpt lon="-0.118781" lat="51.500825"><ele>3.5</ele></trkpt>
   <trkpt lon="-0.118705" lat="51.500823"><ele>4.5</ele></trkpt>
   <trkpt lon="-0.118604" lat="51.500820"><ele>6.0</ele></trkpt>
   <trkpt lon="-0.118469" lat="51.500815"><ele>6.0</ele></trkpt>
   <trkpt lon="-0.118355" lat="51.500860"><ele>5.75</ele></trkpt>
   <trkpt lon="-0.118177" lat="51.500867"><ele>5.25</ele></trkpt>
   <trkpt lon="-0.117915" lat="51.500857"><ele>4.75</ele></trkpt>
   <trkpt lon="-0.117847" lat="51.500795"><ele>5.0</ele></trkpt>
   <trkpt lon="-0.117733" lat="51.500792"><ele>5.0</ele></trkpt>
   <trkpt lon="-0.117729" lat="51.500792"><ele>5.0</ele></trkpt>
   <trkpt lon="-0.117664" lat="51.500789"><ele>5.0</ele></trkpt>
   <trkpt lon="-0.117635" lat="51.500788"><ele>5.0</ele></trkpt>
   <trkpt lon="-0.117522" lat="51.500826"><ele>5.0</ele></trkpt>
   <trkpt lon="-0.117412" lat="51.500818"><ele>5.0</ele></trkpt>
   <trkpt lon="-0.117286" lat="51.500784"><ele>5.0</ele></trkpt>
   <trkpt lon="-0.117226" lat="51.500754"><ele>5.0</ele></trkpt>
   <trkpt lon="-0.117015" lat="51.500603"><ele>4.25</ele></trkpt>
   <trkpt lon="-0.116857" lat="51.500545"><ele>4.0</ele></trkpt>
   <trkpt lon="-0.116787" lat="51.500528"><ele>4.0</ele></trkpt>
   <trkpt lon="-0.116753" lat="51.500506"><ele>4.0</ele></trkpt>
   <trkpt lon="-0.116719" lat="51.500472"><ele>4.0</ele></trkpt>
   <trkpt lon="-0.116741" lat="51.500361"><ele>4.0</ele></trkpt>
   <trkpt lon="-0.116752" lat="51.500292"><ele>4.0</ele></trkpt>
   <trkpt lon="-0.116757" lat="51.500250"><ele>4.0</ele></trkpt>
   <trkpt lon="-0.116724" lat="51.500202"><ele>4.0</ele></trkpt>
   <trkpt lon="-0.116727" lat="51.500166"><ele>4.0</ele></trkpt>
   <trkpt lon="-0.116729" lat="51.500147"><ele>4.0</ele></trkpt>
   <trkpt lon="-0.116734" lat="51.500126"><ele>4.0</ele></trkpt>
   <trkpt lon="-0.116781" lat="51.500080"><ele>4.0</ele></trkpt>
   <trkpt lon="-0.116687" lat="51.500029"><ele>4.0</ele></trkpt>
   <trkpt lon="-0.116732" lat="51.499837"><ele>3.25</ele></trkpt>
   <trkpt lon="-0.116844" lat="51.499807"><ele>3.25</ele></trkpt>
   <trkpt lon="-0.116871" lat="51.499673"><ele>3.0</ele></trkpt>
   <trkpt lon="-0.116881" lat="51.499612"><ele>3.0</ele></trkpt>
   <trkpt lon="-0.116899" lat="51.499466"><ele>3.0</ele></trkpt>
   <trkpt lon="-0.116909" lat="51.499394"><ele>3.0</ele></trkpt>
   <trkpt lon="-0.116916" lat="51.499349"><ele>3.25</ele></trkpt>
   <trkpt lon="-0.116935" lat="51.499302"><ele>3.5</ele></trkpt>
   <trkpt lon="-0.116966" lat="51.499151"><ele>3.75</ele></trkpt>
   <trkpt lon="-0.116971" lat="51.499130"><ele>3.75</ele></trkpt>
   <trkpt lon="-0.117008" lat="51.499013"><ele>3.5</ele></trkpt>
   <trkpt lon="-0.116970" lat="51.498972"><ele>3.75</ele></trkpt>
   <trkpt lon="-0.116974" lat="51.498935"><ele>3.75</ele></trkpt>
   <trkpt lon="-0.116924" lat="51.498928"><ele>4.0</ele></trkpt>
   <trkpt lon="-0.116847" lat="51.498915"><ele>4.0</ele></trkpt>
   <trkpt lon="-0.116728" lat="51.498896"><ele>4.0</ele></trkpt>
   <trkpt lon="-0.116446" lat="51.498844"><ele>3.75</ele></trkpt>
   <trkpt lon="-0.115813" lat="51.498647"><ele>4.0</ele></trkpt>
   <trkpt lon="-0.115060" lat="51.498400"><ele>4.0</ele></trkpt>
   <trkpt lon="-0.115031" lat="51.498388"><ele>4.0</ele></trkpt>
   <trkpt lon="-0.115006" lat="51.498378"><ele>4.0</ele></trkpt>
   <trkpt lon="-0.114987" lat="51.498334"><ele>4.0</ele></trkpt>
   <trkpt lon="-0.115037" lat="51.498221"><ele>4.0</ele></trkpt>
   <trkpt lon="-0.115071" lat="51.498176"><ele>4.0</ele></trkpt>
   <trkpt lon="-0.115135" lat="51.498011"><ele>4.0</ele></trkpt>
   <trkpt lon="-0.115153" lat="51.497953"><ele>4.0</ele></trkpt>
   <trkpt lon="-0.115198" lat="51.497847"><ele>4.0</ele></trkpt>
   <trkpt lon="-0.115304" lat="51.497546"><ele>4.0</ele></trkpt>
   <trkpt lon="-0.115335" lat="51.497350"><ele>4.0</ele></trkpt>
   <trkpt lon="-0.115337" lat="51.497035"><ele>4.0</ele></trkpt>
   <trkpt lon="-0.115512" lat="51.496627"><ele>3.75</ele></trkpt>
   <trkpt lon="-0.115524" lat="51.496597"><ele>3.75</ele></trkpt>
   <trkpt lon="-0.115477" lat="51.496581"><ele>3.75</ele></trkpt>
   <trkpt lon="-0.115463" lat="51.496576"><ele>3.75</ele></trkpt>
   <trkpt lon="-0.115450" lat="51.496571"><ele>3.75</ele></trkpt>
   <trkpt lon="-0.115062" lat="51.496409"><ele>3.0</ele></trkpt>
   <trkpt lon="-0.115040" lat="51.496401"><ele>3.0</ele></trkpt>
   <trkpt lon="-0.115017" lat="51.496394"><ele>3.0</ele></trkpt>
   <trkpt lon="-0.114942" lat="51.496369"><ele>3.0</ele></trkpt>
   <trkpt lon="-0.114987" lat="51.496274"><ele>3.0</ele></trkpt>
   <trkpt lon="-0.115013" lat="51.496175"><ele>3.0</ele></trkpt>
   <trkpt lon="-0.115061" lat="51.495814"><ele>3.0</ele></trkpt>
   <trkpt lon="-0.115067" lat="51.495772"><ele>3.0</ele></trkpt>
   <trkpt lon="-0.115054" lat="51.495742"><ele>3.0</ele></trkpt>
   <trkpt lon="-0.115053" lat="51.495709"><ele>3.0</ele></trkpt>
   <trkpt lon="-0.115050" lat="51.495620"><ele>3.0</ele></trkpt>
   <trkpt lon="-0.115052" lat="51.495569"><ele>3.0</ele></trkpt>
   <trkpt lon="-0.115041" lat="51.495548"><ele>3.0</ele></trkpt>
   <trkpt lon="-0.115095" lat="51.495533"><ele>3.0</ele></trkpt>
   <trkpt lon="-0.115255" lat="51.495496"><ele>3.0</ele></trkpt>
   <trkpt lon="-0.115490" lat="51.495444"><ele>3.25</ele></trkpt>
   <trkpt lon="-0.115541" lat="51.495381"><ele>3.5</ele></trkpt>
   <trkpt lon="-0.115545" lat="51.495376"><ele>3.5</ele></trkpt>
   <trkpt lon="-0.115610" lat="51.495284"><ele>3.75</ele></trkpt>
   <trkpt lon="-0.115666" lat="51.495267"><ele>4.0</ele></trkpt>
   <trkpt lon="-0.115842" lat="51.495000"><ele>4.0</ele></trkpt>
   <trkpt lon="-0.115875" lat="51.494949"><ele>4.0</ele></trkpt>
   <trkpt lon="-0.116203" lat="51.494488"><ele>4.0</ele></trkpt>
   <trkpt lon="-0.116214" lat="51.494457"><ele>4.0</ele></trkpt>
   <trkpt lon="-0.116192" lat="51.494284"><ele>4.0</ele></trkpt>
   <trkpt lon="-0.116191" lat="51.494278"><ele>4.0</ele></trkpt>
   <trkpt lon="-0.116194" lat="51.494242"><ele>4.0</ele></trkpt>
   <trkpt lon="-0.115698" lat="51.494077"><ele>4.25</ele></trkpt>
   <trkpt lon="-0.115293" lat="51.493946"><ele>4.75</ele></trkpt>
   <trkpt lon="-0.115278" lat="51.493941"><ele>4.75</ele></trkpt>
   <trkpt lon="-0.115226" lat="51.493924"><ele>4.75</ele></trkpt>
   <trkpt lon="-0.114967" lat="51.494132"><ele>4.0</ele></trkpt>
   <trkpt lon="-0.114934" lat="51.494115"><ele>4.0</ele></trkpt>
   <trkpt lon="-0.114899" lat="51.494098"><ele>4.0</ele></trkpt>
   <trkpt lon="-0.114868" lat="51.494081"><ele>4.0</ele></trkpt>
   <trkpt lon="-0.113927" lat="51.493598"><ele>4.0</ele></trkpt>
   <trkpt lon="-0.112695" lat="51.492969"><ele>4.0</ele></trkpt>
   <trkpt lon="-0.112390" lat="51.492802"><ele>4.0</ele></trkpt>
   <trkpt lon="-0.112035" lat="51.492618"><ele>4.0</ele></trkpt>
   <trkpt lon="-0.111904" lat="51.492559"><ele>3.75</ele></trkpt>
   <trkpt lon="-0.111697" lat="51.492465"><ele>3.0</ele></trkpt>
   <trkpt lon="-0.111546" lat="51.492409"><ele>3.0</ele></trkpt>
   <trkpt lon="-0.111442" lat="51.492384"><ele>3.0</ele></trkpt>
   <trkpt lon="-0.111215" lat="51.492357"><ele>3.0</ele></trkpt>
   <trkpt lon="-0.111120" lat="51.492349"><ele>3.0</ele></trkpt>
   <trkpt lon="-0.111081" lat="51.492346"><ele>3.0</ele></trkpt>
   <trkpt lon="-0.110973" lat="51.492343"><ele>3.0</ele></trkpt>
   <trkpt lon="-0.111015" lat="51.491787"><ele>3.0</ele></trkpt>
   <trkpt lon="-0.111025" lat="51.491668"><ele>3.0</ele></trkpt>
   <trkpt lon="-0.111032" lat="51.491624"><ele>3.0</ele></trkpt>
   <trkpt lon="-0.111035" lat="51.491581"><ele>3.0</ele></trkpt>
   <trkpt lon="-0.111072" lat="51.491150"><ele>3.0</ele></trkpt>
   <trkpt lon="-0.111083" lat="51.490964"><ele>3.0</ele></trkpt>
   <trkpt lon="-0.111094" lat="51.490715"><ele>3.0</ele></trkpt>
   <trkpt lon="-0.111099" lat="51.490603"><ele>3.0</ele></trkpt>
   <trkpt lon="-0.111144" lat="51.489754"><ele>2.75</ele></trkpt>
   <trkpt lon="-0.111148" lat="51.489691"><ele>2.75</ele></trkpt>
   <trkpt lon="-0.111157" lat="51.489545"><ele>2.75</ele></trkpt>
   <trkpt lon="-0.111168" lat="51.489375"><ele>3.0</ele></trkpt>
   <trkpt lon="-0.111176" lat="51.489248"><ele>3.5</ele></trkpt>
   <trkpt lon="-0.111192" lat="51.488996"><ele>3.75</ele></trkpt>
   <trkpt lon="-0.111197" lat="51.488916"><ele>3.75</ele></trkpt>
   <trkpt lon="-0.111199" lat="51.488889"><ele>3.75</ele></trkpt>
   <trkpt lon="-0.111199" lat="51.488875"><ele>4.0</ele></trkpt>
   <trkpt lon="-0.111201" lat="51.488837"><ele>4.0</ele></trkpt>
   <trkpt lon="-0.111206" lat="51.488772"><ele>4.0</ele></trkpt>
   <trkpt lon="-0.111219" lat="51.488581"><ele>4.0</ele></trkpt>
   <trkpt lon="-0.111231" lat="51.488461"><ele>4.0</ele></trkpt>
   <trkpt lon="-0.111236" lat="51.488414"><ele>4.0</ele></trkpt>
   <trkpt lon="-0.111267" lat="51.488191"><ele>3.5</ele></trkpt>
   <trkpt lon="-0.111274" lat="51.488130"><ele>3.5</ele></trkpt>
   <trkpt lon="-0.111281" lat="51.488080"><ele>3.25</ele></trkpt>
   <trkpt lon="-0.111286" lat="51.488033"><ele>3.25</ele></trkpt>
   <trkpt lon="-0.111291" lat="51.487956"><ele>3.25</ele></trkpt>
   <trkpt lon="-0.111299" lat="51.487862"><ele>3.25</ele></trkpt>
   <trkpt lon="-0.111306" lat="51.487777"><ele>3.25</ele></trkpt>
   <trkpt lon="-0.111322" lat="51.487518"><ele>3.0</ele></trkpt>
   <trkpt lon="-0.111345" lat="51.487293"><ele>3.0</ele></trkpt>
   <trkpt lon="-0.111348" lat="51.487249"><ele>3.0</ele></trkpt>
   <trkpt lon="-0.111351" lat="51.487207"><ele>3.0</ele></trkpt>
   <trkpt lon="-0.111363" lat="51.487018"><ele>3.0</ele></trkpt>
   <trkpt lon="-0.111371" lat="51.486897"><ele>3.0</ele></trkpt>
   <trkpt lon="-0.111369" lat="51.486883"><ele>3.0</ele></trkpt>
   <trkpt lon="-0.111370" lat="51.486842"><ele>3.0</ele></trkpt>
   <trkpt lon="-0.111369" lat="51.486769"><ele>3.0</ele></trkpt>
   <trkpt lon="-0.111355" lat="51.486486"><ele>3.0</ele></trkpt>
   <trkpt lon="-0.111333" lat="51.486298"><ele>3.0</ele></trkpt>
   <trkpt lon="-0.111327" lat="51.486246"><ele>3.0</ele></trkpt>
   <trkpt lon="-0.111298" lat="51.485912"><ele>3.0</ele></trkpt>
   <trkpt lon="-0.111268" lat="51.485693"><ele>3.0</ele></trkpt>
   <trkpt lon="-0.111235" lat="51.485563"><ele>3.0</ele></trkpt>
   <trkpt lon="-0.111206" lat="51.485491"><ele>3.0</ele></trkpt>
   <trkpt lon="-0.111107" lat="51.485376"><ele>3.0</ele></trkpt>
   <trkpt lon="-0.110924" lat="51.485220"><ele>3.0</ele></trkpt>
   <trkpt lon="-0.110906" lat="51.485207"><ele>3.25</ele></trkpt>
   <trkpt lon="-0.110896" lat="51.485199"><ele>3.25</ele></trkpt>
   <trkpt lon="-0.110767" lat="51.485096"><ele>3.25</ele></trkpt>
   <trkpt lon="-0.110694" lat="51.485040"><ele>3.25</ele></trkpt>
   <trkpt lon="-0.110551" lat="51.484923"><ele>3.25</ele></trkpt>
   <trkpt lon="-0.110467" lat="51.484861"><ele>3.5</ele></trkpt>
   <trkpt lon="-0.110280" lat="51.484722"><ele>4.0</ele></trkpt>
   <trkpt lon="-0.110151" lat="51.484718"><ele>4.0</ele></trkpt>
   <trkpt lon="-0.110105" lat="51.484695"><ele>4.0</ele></trkpt>
   <trkpt lon="-0.110064" lat="51.484673"><ele>4.0</ele></trkpt>
   <trkpt lon="-0.110017" lat="51.484649"><ele>4.0</ele></trkpt>
   <trkpt lon="-0.109940" lat="51.484603"><ele>4.0</ele></trkpt>
   <trkpt lon="-0.109873" lat="51.484570"><ele>4.0</ele></trkpt>
   <trkpt lon="-0.109788" lat="51.484528"><ele>4.0</ele></trkpt>
   <trkpt lon="-0.109753" lat="51.484510"><ele>4.0</ele></trkpt>
   <trkpt lon="-0.109736" lat="51.484488"><ele>4.0</ele></trkpt>
   <trkpt lon="-0.109753" lat="51.484451"><ele>4.0</ele></trkpt>
   <trkpt lon="-0.111037" lat="51.483180"><ele>4.0</ele></trkpt>
   <trkpt lon="-0.111244" lat="51.482938"><ele>4.0</ele></trkpt>
   <trkpt lon="-0.111246" lat="51.482893"><ele>4.0</ele></trkpt>
   <trkpt lon="-0.111319" lat="51.482753"><ele>4.0</ele></trkpt>
   <trkpt lon="-0.111328" lat="51.482691"><ele>4.0</ele></trkpt>
   <trkpt lon="-0.111352" lat="51.482434"><ele>4.0</ele></trkpt>
   <trkpt lon="-0.111328" lat="51.482210"><ele>4.0</ele></trkpt>
   <trkpt lon="-0.111286" lat="51.482059"><ele>4.0</ele></trkpt>
   <trkpt lon="-0.111234" lat="51.481959"><ele>4.0</ele></trkpt>
   <trkpt lon="-0.111141" lat="51.481819"><ele>4.25</ele></trkpt>
   <trkpt lon="-0.111045" lat="51.481707"><ele>4.75</ele></trkpt>
   <trkpt lon="-0.111112" lat="51.481631"><ele>5.0</ele></trkpt>
   <trkpt lon="-0.111054" lat="51.481570"><ele>5.0</ele></trkpt>
   <trkpt lon="-0.111003" lat="51.481514"><ele>5.0</ele></trkpt>
   <trkpt lon="-0.110897" lat="51.481379"><ele>5.0</ele></trkpt>
   <trkpt lon="-0.110757" lat="51.481318"><ele>4.5</ele></trkpt>
   <trkpt lon="-0.110710" lat="51.481298"><ele>4.5</ele></trkpt>
   <trkpt lon="-0.110710" lat="51.481234"><ele>4.5</ele></trkpt>
   <trkpt lon="-0.110718" lat="51.481126"><ele>4.5</ele></trkpt>
   <trkpt lon="-0.110722" lat="51.481093"><ele>4.5</ele></trkpt>
   <trkpt lon="-0.110731" lat="51.481046"><ele>4.75</ele></trkpt>
   <trkpt lon="-0.110749" lat="51.480989"><ele>4.75</ele></trkpt>
   <trkpt lon="-0.110822" lat="51.480953"><ele>5.0</ele></trkpt>
   <trkpt lon="-0.110834" lat="51.480918"><ele>5.0</ele></trkpt>
   <trkpt lon="-0.110850" lat="51.480890"><ele>5.0</ele></trkpt>
   <trkpt lon="-0.110964" lat="51.480678"><ele>5.5</ele></trkpt>
   <trkpt lon="-0.111010" lat="51.480598"><ele>5.25</ele></trkpt>
   <trkpt lon="-0.111327" lat="51.480103"><ele>4.75</ele></trkpt>
   <trkpt lon="-0.111585" lat="51.479702"><ele>5.25</ele></trkpt>
   <trkpt lon="-0.111644" lat="51.479596"><ele>5.0</ele></trkpt>
   <trkpt lon="-0.111694" lat="51.479462"><ele>5.0</ele></trkpt>
   <trkpt lon="-0.111710" lat="51.479422"><ele>5.0</ele></trkpt>
   <trkpt lon="-0.111725" lat="51.479381"><ele>5.0</ele></trkpt>
   <trkpt lon="-0.111783" lat="51.479232"><ele>5.75</ele></trkpt>
   <trkpt lon="-0.111965" lat="51.478734"><ele>5.75</ele></trkpt>
   <trkpt lon="-0.112072" lat="51.478440"><ele>5.5</ele></trkpt>
   <trkpt lon="-0.112206" lat="51.477980"><ele>5.75</ele></trkpt>
   <trkpt lon="-0.112253" lat="51.477754"><ele>6.0</ele></trkpt>
   <trkpt lon="-0.112333" lat="51.477228"><ele>6.0</ele></trkpt>
   <trkpt lon="-0.112366" lat="51.476954"><ele>6.0</ele></trkpt>
   <trkpt lon="-0.112373" lat="51.476900"><ele>6.0</ele></trkpt>
   <trkpt lon="-0.112378" lat="51.476861"><ele>6.0</ele></trkpt>
   <trkpt lon="-0.112388" lat="51.476783"><ele>6.0</ele></trkpt>
   <trkpt lon="-0.112404" lat="51.476683"><ele>6.0</ele></trkpt>
   <trkpt lon="-0.112407" lat="51.476656"><ele>6.0</ele></trkpt>
   <trkpt lon="-0.112417" lat="51.476588"><ele>6.0</ele></trkpt>
   <trkpt lon="-0.112467" lat="51.476181"><ele>6.0</ele></trkpt>
   <trkpt lon="-0.112551" lat="51.475493"><ele>6.0</ele></trkpt>
   <trkpt lon="-0.112705" lat="51.474107"><ele>6.25</ele></trkpt>
   <trkpt lon="-0.112716" lat="51.473972"><ele>6.0</ele></trkpt>
   <trkpt lon="-0.112717" lat="51.473929"><ele>6.0</ele></trkpt>
   <trkpt lon="-0.112718" lat="51.473887"><ele>6.0</ele></trkpt>
   <trkpt lon="-0.112718" lat="51.473852"><ele>6.0</ele></trkpt>
   <trkpt lon="-0.112720" lat="51.473827"><ele>6.0</ele></trkpt>
   <trkpt lon="-0.112725" lat="51.473741"><ele>6.0</ele></trkpt>
   <trkpt lon="-0.112751" lat="51.473338"><ele>6.0</ele></trkpt>
   <trkpt lon="-0.112756" lat="51.473110"><ele>6.0</ele></trkpt>
   <trkpt lon="-0.112766" lat="51.472751"><ele>6.0</ele></trkpt>
   <trkpt lon="-0.112762" lat="51.472573"><ele>6.0</ele></trkpt>
   <trkpt lon="-0.112742" lat="51.472343"><ele>6.0</ele></trkpt>
   <trkpt lon="-0.112725" lat="51.472199"><ele>6.0</ele></trkpt>
   <trkpt lon="-0.112656" lat="51.471696"><ele>6.75</ele></trkpt>
   <trkpt lon="-0.112625" lat="51.471484"><ele>7.0</ele></trkpt>
   <trkpt lon="-0.112617" lat="51.471430"><ele>7.0</ele></trkpt>
   <trkpt lon="-0.112585" lat="51.471195"><ele>7.0</ele></trkpt>
   <trkpt lon="-0.112547" lat="51.470867"><ele>7.0</ele></trkpt>
   <trkpt lon="-0.112534" lat="51.470761"><ele>7.0</ele></trkpt>
   <trkpt lon="-0.112533" lat="51.470745"><ele>7.0</ele></trkpt>
   <trkpt lon="-0.112517" lat="51.470617"><ele>7.0</ele></trkpt>
   <trkpt lon="-0.112515" lat="51.470574"><ele>7.0</ele></trkpt>
   <trkpt lon="-0.112514" lat="51.470540"><ele>7.0</ele></trkpt>
   <trkpt lon="-0.112509" lat="51.470438"><ele>7.0</ele></trkpt>
   <trkpt lon="-0.112510" lat="51.470424"><ele>7.0</ele></trkpt>
   <trkpt lon="-0.112510" lat="51.470309"><ele>7.0</ele></trkpt>
   <trkpt lon="-0.112509" lat="51.470278"><ele>7.0</ele></trkpt>
   <trkpt lon="-0.112508" lat="51.470273"><ele>7.0</ele></trkpt>
   <trkpt lon="-0.112505" lat="51.470236"><ele>7.0</ele></trkpt>
   <trkpt lon="-0.112505" lat="51.470232"><ele>7.0</ele></trkpt>
   <trkpt lon="-0.112501" lat="51.470128"><ele>7.0</ele></trkpt>
   <trkpt lon="-0.112501" lat="51.470108"><ele>7.0</ele></trkpt>
   <trkpt lon="-0.112500" lat="51.470073"><ele>7.0</ele></trkpt>
   <trkpt lon="-0.112493" lat="51.469833"><ele>7.0</ele></trkpt>
   <trkpt lon="-0.112490" lat="51.469800"><ele>7.0</ele></trkpt>
   <trkpt lon="-0.112476" lat="51.469227"><ele>7.0</ele></trkpt>
   <trkpt lon="-0.112474" lat="51.469185"><ele>7.0</ele></trkpt>
   <trkpt lon="-0.112474" lat="51.469150"><ele>7.0</ele></trkpt>
   <trkpt lon="-0.112472" lat="51.468971"><ele>7.5</ele></trkpt>
   <trkpt lon="-0.112469" lat="51.468832"><ele>8.0</ele></trkpt>
   <trkpt lon="-0.112468" lat="51.468716"><ele>8.0</ele></trkpt>
   <trkpt lon="-0.112467" lat="51.468642"><ele>8.0</ele></trkpt>
   <trkpt lon="-0.112476" lat="51.468503"><ele>8.0</ele></trkpt>
   <trkpt lon="-0.112488" lat="51.468428"><ele>8.0</ele></trkpt>
   <trkpt lon="-0.112527" lat="51.468254"><ele>8.0</ele></trkpt>
   <trkpt lon="-0.112547" lat="51.468182"><ele>8.0</ele></trkpt>
   <trkpt lon="-0.112578" lat="51.468075"><ele>8.0</ele></trkpt>
   <trkpt lon="-0.112592" lat="51.468026"><ele>8.0</ele></trkpt>
   <trkpt lon="-0.112605" lat="51.467989"><ele>8.0</ele></trkpt>
   <trkpt lon="-0.112607" lat="51.467982"><ele>8.0</ele></trkpt>
   <trkpt lon="-0.112621" lat="51.467943"><ele>8.0</ele></trkpt>
   <trkpt lon="-0.112666" lat="51.467807"><ele>8.0</ele></trkpt>
   <trkpt lon="-0.112786" lat="51.467450"><ele>8.0</ele></trkpt>
   <trkpt lon="-0.112842" lat="51.467314"><ele>8.25</ele></trkpt>
   <trkpt lon="-0.112879" lat="51.467227"><ele>8.25</ele></trkpt>
   <trkpt lon="-0.113039" lat="51.466872"><ele>8.25</ele></trkpt>
   <trkpt lon="-0.113276" lat="51.466451"><ele>9.0</ele></trkpt>
   <trkpt lon="-0.113316" lat="51.466393"><ele>9.0</ele></trkpt>
   <trkpt lon="-0.113371" lat="51.466309"><ele>9.0</ele></trkpt>
   <trkpt lon="-0.113369" lat="51.466293"><ele>9.0</ele></trkpt>
   <trkpt lon="-0.113362" lat="51.466265"><ele>9.0</ele></trkpt>
   <trkpt lon="-0.113372" lat="51.466216"><ele>9.0</ele></trkpt>
   <trkpt lon="-0.113441" lat="51.466092"><ele>9.0</ele></trkpt>
   <trkpt lon="-0.113465" lat="51.466053"><ele>9.0</ele></trkpt>
   <trkpt lon="-0.113485" lat="51.466029"><ele>9.0</ele></trkpt>
   <trkpt lon="-0.113506" lat="51.466015"><ele>9.0</ele></trkpt>
   <trkpt lon="-0.113557" lat="51.465998"><ele>9.0</ele></trkpt>
   <trkpt lon="-0.113570" lat="51.465989"><ele>9.0</ele></trkpt>
   <trkpt lon="-0.113604" lat="51.465908"><ele>9.0</ele></trkpt>
   <trkpt lon="-0.113629" lat="51.465848"><ele>9.0</ele></trkpt>
   <trkpt lon="-0.113646" lat="51.465810"><ele>9.0</ele></trkpt>
   <trkpt lon="-0.113716" lat="51.465664"><ele>9.0</ele></trkpt>
   <trkpt lon="-0.113784" lat="51.465522"><ele>9.0</ele></trkpt>
   <trkpt lon="-0.113853" lat="51.465385"><ele>9.0</ele></trkpt>
   <trkpt lon="-0.113891" lat="51.465308"><ele>8.75</ele></trkpt>
   <trkpt lon="-0.113902" lat="51.465286"><ele>9.0</ele></trkpt>
   <trkpt lon="-0.113976" lat="51.465129"><ele>9.5</ele></trkpt>
   <trkpt lon="-0.114039" lat="51.465005"><ele>9.75</ele></trkpt>
   <trkpt lon="-0.114061" lat="51.464963"><ele>10.0</ele></trkpt>
   <trkpt lon="-0.114079" lat="51.464930"><ele>10.0</ele></trkpt>
   <trkpt lon="-0.114140" lat="51.464800"><ele>10.0</ele></trkpt>
   <trkpt lon="-0.114174" lat="51.464724"><ele>10.0</ele></trkpt>
   <trkpt lon="-0.114237" lat="51.464581"><ele>10.5</ele></trkpt>
   <trkpt lon="-0.114254" lat="51.464543"><ele>10.5</ele></trkpt>
   <trkpt lon="-0.114269" lat="51.464504"><ele>10.75</ele></trkpt>
   <trkpt lon="-0.114349" lat="51.464314"><ele>11.0</ele></trkpt>
   <trkpt lon="-0.114461" lat="51.464081"><ele>11.0</ele></trkpt>
   <trkpt lon="-0.114519" lat="51.463959"><ele>11.0</ele></trkpt>
   <trkpt lon="-0.114534" lat="51.463921"><ele>11.0</ele></trkpt>
   <trkpt lon="-0.114574" lat="51.463831"><ele>11.0</ele></trkpt>
   <trkpt lon="-0.114606" lat="51.463763"><ele>11.0</ele></trkpt>
   <trkpt lon="-0.114622" lat="51.463728"><ele>11.0</ele></trkpt>
   <trkpt lon="-0.114701" lat="51.463553"><ele>11.25</ele></trkpt>
   <trkpt lon="-0.114719" lat="51.463503"><ele>11.25</ele></trkpt>
   <trkpt lon="-0.114750" lat="51.463431"><ele>11.5</ele></trkpt>
   <trkpt lon="-0.114774" lat="51.463381"><ele>11.75</ele></trkpt>
   <trkpt lon="-0.114816" lat="51.463288"><ele>12.0</ele></trkpt>
   <trkpt lon="-0.114854" lat="51.463201"><ele>12.0</ele></trkpt>
   <trkpt lon="-0.114888" lat="51.463129"><ele>11.75</ele></trkpt>
   <trkpt lon="-0.114906" lat="51.463093"><ele>12.0</ele></trkpt>
   <trkpt lon="-0.114962" lat="51.462980"><ele>12.0</ele></trkpt>
   <trkpt lon="-0.114993" lat="51.462913"><ele>12.0</ele></trkpt>
   <trkpt lon="-0.114957" lat="51.462863"><ele>11.75</ele></trkpt>
   <trkpt lon="-0.114986" lat="51.462707"><ele>12.25</ele></trkpt>
   <trkpt lon="-0.115016" lat="51.462633"><ele>12.5</ele></trkpt>
   <trkpt lon="-0.115168" lat="51.462297"><ele>13.0</ele></trkpt>
   <trkpt lon="-0.115182" lat="51.462271"><ele>13.0</ele></trkpt>
   <trkpt lon="-0.115308" lat="51.462008"><ele>13.75</ele></trkpt>
   <trkpt lon="-0.115456" lat="51.461666"><ele>14.0</ele></trkpt>
   <trkpt lon="-0.115514" lat="51.461518"><ele>14.5</ele></trkpt>
   <trkpt lon="-0.115529" lat="51.461470"><ele>14.5</ele></trkpt>
   <trkpt lon="-0.115539" lat="51.461432"><ele>14.75</ele></trkpt>
   <trkpt lon="-0.115580" lat="51.461337"><ele>15.0</ele></trkpt>
   <trkpt lon="-0.115613" lat="51.461267"><ele>15.0</ele></trkpt>
   <trkpt lon="-0.115663" lat="51.461134"><ele>15.0</ele></trkpt>
   <trkpt lon="-0.115714" lat="51.461014"><ele>15.25</ele></trkpt>
   <trkpt lon="-0.115788" lat="51.460939"><ele>15.5</ele></trkpt>
   <trkpt lon="-0.115896" lat="51.460890"><ele>15.75</ele></trkpt>
   <trkpt lon="-0.115963" lat="51.460787"><ele>16.0</ele></trkpt>
   <trkpt lon="-0.115987" lat="51.460751"><ele>16.25</ele></trkpt>
   <trkpt lon="-0.116027" lat="51.460696"><ele>16.25</ele></trkpt>
   <trkpt lon="-0.116055" lat="51.460659"><ele>16.5</ele></trkpt>
   <trkpt lon="-0.116084" lat="51.460616"><ele>16.75</ele></trkpt>
   <trkpt lon="-0.116246" lat="51.460334"><ele>17.0</ele></trkpt>
   <trkpt lon="-0.116473" lat="51.459937"><ele>18.0</ele></trkpt>
   <trkpt lon="-0.116610" lat="51.459702"><ele>19.0</ele></trkpt>
   <trkpt lon="-0.116659" lat="51.459622"><ele>19.0</ele></trkpt>
   <trkpt lon="-0.116690" lat="51.459578"><ele>19.0</ele></trkpt>
   <trkpt lon="-0.116792" lat="51.459454"><ele>19.0</ele></trkpt>
   <trkpt lon="-0.116890" lat="51.459288"><ele>19.5</ele></trkpt>
   <trkpt lon="-0.116918" lat="51.459244"><ele>19.5</ele></trkpt>
   <trkpt lon="-0.116942" lat="51.459207"><ele>19.75</ele></trkpt>
   <trkpt lon="-0.116986" lat="51.459138"><ele>20.0</ele></trkpt>
   <trkpt lon="-0.117105" lat="51.458940"><ele>20.0</ele></trkpt>
   <trkpt lon="-0.117252" lat="51.458643"><ele>20.75</ele></trkpt>
   <trkpt lon="-0.117544" lat="51.458169"><ele>21.0</ele></trkpt>
   <trkpt lon="-0.117867" lat="51.457642"><ele>22.0</ele></trkpt>
   <trkpt lon="-0.117901" lat="51.457591"><ele>22.0</ele></trkpt>
   <trkpt lon="-0.117925" lat="51.457551"><ele>22.0</ele></trkpt>
   <trkpt lon="-0.118088" lat="51.457284"><ele>21.75</ele></trkpt>
   <trkpt lon="-0.118409" lat="51.456750"><ele>22.75</ele></trkpt>
   <trkpt lon="-0.118448" lat="51.456687"><ele>22.75</ele></trkpt>
   <trkpt lon="-0.118529" lat="51.456548"><ele>23.0</ele></trkpt>
   <trkpt lon="-0.118557" lat="51.456505"><ele>23.0</ele></trkpt>
   <trkpt lon="-0.118584" lat="51.456463"><ele>23.0</ele></trkpt>
   <trkpt lon="-0.118849" lat="51.456026"><ele>23.25</ele></trkpt>
   <trkpt lon="-0.118986" lat="51.455821"><ele>24.0</ele></trkpt>
   <trkpt lon="-0.119006" lat="51.455784"><ele>24.0</ele></trkpt>
   <trkpt lon="-0.119031" lat="51.455752"><ele>24.0</ele></trkpt>
   <trkpt lon="-0.119081" lat="51.455675"><ele>24.0</ele></trkpt>
   <trkpt lon="-0.119095" lat="51.455651"><ele>24.0</ele></trkpt>
   <trkpt lon="-0.119158" lat="51.455544"><ele>24.0</ele></trkpt>
   <trkpt lon="-0.119185" lat="51.455502"><ele>24.0</ele></trkpt>
   <trkpt lon="-0.119206" lat="51.455466"><ele>24.0</ele></trkpt>
   <trkpt lon="-0.119238" lat="51.455408"><ele>24.25</ele></trkpt>
   <trkpt lon="-0.119347" lat="51.455242"><ele>24.5</ele></trkpt>
   <trkpt lon="-0.119379" lat="51.455189"><ele>24.75</ele></trkpt>
   <trkpt lon="-0.119418" lat="51.455127"><ele>24.75</ele></trkpt>
   <trkpt lon="-0.119315" lat="51.455091"><ele>24.75</ele></trkpt>
   <trkpt lon="-0.119250" lat="51.455062"><ele>24.75</ele></trkpt>
   <trkpt lon="-0.119258" lat="51.455038"><ele>24.75</ele></trkpt>
   <trkpt lon="-0.119154" lat="51.454998"><ele>25.0</ele></trkpt>
   <trkpt lon="-0.118833" lat="51.454867"><ele>24.75</ele></trkpt>
   <trkpt lon="-0.118695" lat="51.454805"><ele>24.75</ele></trkpt>
   <trkpt lon="-0.118439" lat="51.454679"><ele>25.0</ele></trkpt>
   <trkpt lon="-0.118325" lat="51.454619"><ele>24.75</ele></trkpt>
   <trkpt lon="-0.118091" lat="51.454493"><ele>24.75</ele></trkpt>
   <trkpt lon="-0.117943" lat="51.454411"><ele>25.0</ele></trkpt>
   <trkpt lon="-0.117857" lat="51.454360"><ele>25.0</ele></trkpt>
   <trkpt lon="-0.117782" lat="51.454330"><ele>25.0</ele></trkpt>
   <trkpt lon="-0.117696" lat="51.454308"><ele>25.0</ele></trkpt>
   <trkpt lon="-0.117457" lat="51.454274"><ele>24.75</ele></trkpt>
   <trkpt lon="-0.117319" lat="51.454268"><ele>24.75</ele></trkpt>
   <trkpt lon="-0.117193" lat="51.454279"><ele>24.5</ele></trkpt>
   <trkpt lon="-0.116971" lat="51.454302"><ele>24.5</ele></trkpt>
   <trkpt lon="-0.116869" lat="51.454320"><ele>24.25</ele></trkpt>
   <trkpt lon="-0.116839" lat="51.454325"><ele>24.25</ele></trkpt>
   <trkpt lon="-0.116807" lat="51.454287"><ele>24.25</ele></trkpt>
   <trkpt lon="-0.116676" lat="51.454177"><ele>24.0</ele></trkpt>
   <trkpt lon="-0.116644" lat="51.454146"><ele>24.0</ele></trkpt>
   <trkpt lon="-0.116130" lat="51.453717"><ele>25.0</ele></trkpt>
   <trkpt lon="-0.115585" lat="51.453262"><ele>25.0</ele></trkpt>
   <trkpt lon="-0.115277" lat="51.453005"><ele>25.0</ele></trkpt>
   <trkpt lon="-0.115241" lat="51.452968"><ele>25.0</ele></trkpt>
   <trkpt lon="-0.115256" lat="51.452906"><ele>24.75</ele></trkpt>
   <trkpt lon="-0.115313" lat="51.452773"><ele>25.0</ele></trkpt>
   <trkpt lon="-0.115649" lat="51.452017"><ele>26.75</ele></trkpt>
   <trkpt lon="-0.115865" lat="51.451569"><ele>28.25</ele></trkpt>
   <trkpt lon="-0.115970" lat="51.451383"><ele>29.0</ele></trkpt>
   <trkpt lon="-0.116108" lat="51.451130"><ele>29.0</ele></trkpt>
   <trkpt lon="-0.116303" lat="51.450771"><ele>30.0</ele></trkpt>
   <trkpt lon="-0.116339" lat="51.450717"><ele>30.25</ele></trkpt>
   <trkpt lon="-0.116393" lat="51.450657"><ele>30.5</ele></trkpt>
   <trkpt lon="-0.116457" lat="51.450603"><ele>31.0</ele></trkpt>
   <trkpt lon="-0.116752" lat="51.450424"><ele>32.25</ele></trkpt>
   <trkpt lon="-0.116788" lat="51.450401"><ele>32.25</ele></trkpt>
   <trkpt lon="-0.116833" lat="51.450372"><ele>32.5</ele></trkpt>
   <trkpt lon="-0.117028" lat="51.450245"><ele>33.25</ele></trkpt>
   <trkpt lon="-0.117263" lat="51.450078"><ele>34.0</ele></trkpt>
   <trkpt lon="-0.117643" lat="51.449819"><ele>35.25</ele></trkpt>
   <trkpt lon="-0.117855" lat="51.449674"><ele>36.0</ele></trkpt>
   <trkpt lon="-0.117863" lat="51.449669"><ele>36.0</ele></trkpt>
   <trkpt lon="-0.117909" lat="51.449644"><ele>36.25</ele></trkpt>
   <trkpt lon="-0.117722" lat="51.449521"><ele>35.75</ele></trkpt>
   <trkpt lon="-0.117633" lat="51.449453"><ele>35.75</ele></trkpt>
   <trkpt lon="-0.117573" lat="51.449398"><ele>36.0</ele></trkpt>
   <trkpt lon="-0.117452" lat="51.449250"><ele>35.75</ele></trkpt>
   <trkpt lon="-0.117429" lat="51.449215"><ele>35.5</ele></trkpt>
   <trkpt lon="-0.117411" lat="51.449186"><ele>35.5</ele></trkpt>
   <trkpt lon="-0.117481" lat="51.449173"><ele>35.75</ele></trkpt>
   <trkpt lon="-0.117678" lat="51.449106"><ele>35.75</ele></trkpt>
   <trkpt lon="-0.118794" lat="51.448719"><ele>38.75</ele></trkpt>
   <trkpt lon="-0.119996" lat="51.448274"><ele>42.75</ele></trkpt>
   <trkpt lon="-0.120038" lat="51.448258"><ele>43.0</ele></trkpt>
   <trkpt lon="-0.119891" lat="51.448045"><ele>42.5</ele></trkpt>
   <trkpt lon="-0.119766" lat="51.447856"><ele>42.75</ele></trkpt>
   <trkpt lon="-0.119731" lat="51.447813"><ele>42.75</ele></trkpt>
   <trkpt lon="-0.119649" lat="51.447698"><ele>43.25</ele></trkpt>
   <trkpt lon="-0.119626" lat="51.447665"><ele>43.5</ele></trkpt>
   <trkpt lon="-0.119547" lat="51.447556"><ele>44.0</ele></trkpt>
   <trkpt lon="-0.119540" lat="51.447545"><ele>44.0</ele></trkpt>
   <trkpt lon="-0.119514" lat="51.447509"><ele>44.0</ele></trkpt>
   <trkpt lon="-0.119458" lat="51.447431"><ele>44.5</ele></trkpt>
   <trkpt lon="-0.119324" lat="51.447234"><ele>45.25</ele></trkpt>
   <trkpt lon="-0.119242" lat="51.447127"><ele>45.75</ele></trkpt>
   <trkpt lon="-0.119121" lat="51.446962"><ele>46.75</ele></trkpt>
   <trkpt lon="-0.119115" lat="51.446934"><ele>47.0</ele></trkpt>
   <trkpt lon="-0.119109" lat="51.446921"><ele>47.0</ele></trkpt>
   <trkpt lon="-0.119103" lat="51.446911"><ele>47.0</ele></trkpt>
   <trkpt lon="-0.119053" lat="51.446841"><ele>47.0</ele></trkpt>
   <trkpt lon="-0.118825" lat="51.446529"><ele>47.25</ele></trkpt>
   <trkpt lon="-0.118740" lat="51.446406"><ele>47.75</ele></trkpt>
   <trkpt lon="-0.118721" lat="51.446376"><ele>48.0</ele></trkpt>
   <trkpt lon="-0.118663" lat="51.446278"><ele>48.0</ele></trkpt>
   <trkpt lon="-0.118241" lat="51.445679"><ele>49.5</ele></trkpt>
   <trkpt lon="-0.117986" lat="51.445327"><ele>50.75</ele></trkpt>
   <trkpt lon="-0.117882" lat="51.445228"><ele>51.0</ele></trkpt>
   <trkpt lon="-0.117802" lat="51.445171"><ele>51.25</ele></trkpt>
   <trkpt lon="-0.117593" lat="51.445050"><ele>51.75</ele></trkpt>
   <trkpt lon="-0.117545" lat="51.445030"><ele>51.75</ele></trkpt>
   <trkpt lon="-0.117305" lat="51.444936"><ele>52.0</ele></trkpt>
   <trkpt lon="-0.117323" lat="51.444911"><ele>52.0</ele></trkpt>
   <trkpt lon="-0.117339" lat="51.444897"><ele>52.0</ele></trkpt>
   <trkpt lon="-0.117654" lat="51.444670"><ele>52.5</ele></trkpt>
   <trkpt lon="-0.118102" lat="51.444356"><ele>54.25</ele></trkpt>
   <trkpt lon="-0.118412" lat="51.444126"><ele>55.0</ele></trkpt>
   <trkpt lon="-0.118696" lat="51.443900"><ele>55.75</ele></trkpt>
   <trkpt lon="-0.118724" lat="51.443878"><ele>56.0</ele></trkpt>
   <trkpt lon="-0.118746" lat="51.443860"><ele>56.0</ele></trkpt>
   <trkpt lon="-0.118868" lat="51.443763"><ele>56.25</ele></trkpt>
   <trkpt lon="-0.118897" lat="51.443739"><ele>56.5</ele></trkpt>
   <trkpt lon="-0.118944" lat="51.443700"><ele>56.5</ele></trkpt>
   <trkpt lon="-0.119001" lat="51.443661"><ele>56.75</ele></trkpt>
   <trkpt lon="-0.119027" lat="51.443635"><ele>56.75</ele></trkpt>
   <trkpt lon="-0.119127" lat="51.443548"><ele>57.0</ele></trkpt>
   <trkpt lon="-0.119235" lat="51.443460"><ele>57.5</ele></trkpt>
   <trkpt lon="-0.119418" lat="51.443287"><ele>58.0</ele></trkpt>
   <trkpt lon="-0.119558" lat="51.443153"><ele>58.5</ele></trkpt>
   <trkpt lon="-0.119715" lat="51.443005"><ele>59.0</ele></trkpt>
   <trkpt lon="-0.119749" lat="51.442977"><ele>59.25</ele></trkpt>
   <trkpt lon="-0.119787" lat="51.442945"><ele>59.25</ele></trkpt>
   <trkpt lon="-0.119657" lat="51.442863"><ele>59.5</ele></trkpt>
   <trkpt lon="-0.119441" lat="51.442726"><ele>60.0</ele></trkpt>
   <trkpt lon="-0.119138" lat="51.442534"><ele>60.0</ele></trkpt>
   <trkpt lon="-0.118800" lat="51.442336"><ele>60.75</ele></trkpt>
   <trkpt lon="-0.118513" lat="51.442166"><ele>61.0</ele></trkpt>
   <trkpt lon="-0.118455" lat="51.442119"><ele>61.25</ele></trkpt>
   <trkpt lon="-0.118403" lat="51.442083"><ele>61.5</ele></trkpt>
   <trkpt lon="-0.118389" lat="51.442062"><ele>61.5</ele></trkpt>
   <trkpt lon="-0.118357" lat="51.442061"><ele>61.5</ele></trkpt>
   <trkpt lon="-0.117623" lat="51.441604"><ele>63.0</ele></trkpt>
   <trkpt lon="-0.117266" lat="51.441389"><ele>63.0</ele></trkpt>
   <trkpt lon="-0.117172" lat="51.441332"><ele>63.25</ele></trkpt>
   <trkpt lon="-0.117150" lat="51.441319"><ele>63.25</ele></trkpt>
   <trkpt lon="-0.117004" lat="51.441242"><ele>63.75</ele></trkpt>
   <trkpt lon="-0.116633" lat="51.441011"><ele>64.25</ele></trkpt>
   <trkpt lon="-0.116357" lat="51.440848"><ele>65.0</ele></trkpt>
   <trkpt lon="-0.116061" lat="51.440680"><ele>65.0</ele></trkpt>
   <trkpt lon="-0.116020" lat="51.440650"><ele>65.0</ele></trkpt>
   <trkpt lon="-0.116002" lat="51.440640"><ele>65.0</ele></trkpt>
   <trkpt lon="-0.115372" lat="51.440267"><ele>63.25</ele></trkpt>
   <trkpt lon="-0.115254" lat="51.440198"><ele>63.25</ele></trkpt>
   <trkpt lon="-0.115188" lat="51.440161"><ele>63.25</ele></trkpt>
   <trkpt lon="-0.115109" lat="51.440116"><ele>63.0</ele></trkpt>
   <trkpt lon="-0.115002" lat="51.440055"><ele>62.25</ele></trkpt>
   <trkpt lon="-0.114822" lat="51.439952"><ele>62.0</ele></trkpt>
   <trkpt lon="-0.114611" lat="51.439845"><ele>61.5</ele></trkpt>
   <trkpt lon="-0.114451" lat="51.439781"><ele>60.25</ele></trkpt>
   <trkpt lon="-0.114521" lat="51.439727"><ele>60.5</ele></trkpt>
   <trkpt lon="-0.114539" lat="51.439711"><ele>60.5</ele></trkpt>
   <trkpt lon="-0.114691" lat="51.439571"><ele>61.25</ele></trkpt>
   <trkpt lon="-0.114823" lat="51.439451"><ele>61.25</ele></trkpt>
   <trkpt lon="-0.115127" lat="51.439181"><ele>61.75</ele></trkpt>
   <trkpt lon="-0.115260" lat="51.439064"><ele>62.75</ele></trkpt>
   <trkpt lon="-0.115421" lat="51.438923"><ele>63.5</ele></trkpt>
   <trkpt lon="-0.115504" lat="51.438851"><ele>63.5</ele></trkpt>
   <trkpt lon="-0.115544" lat="51.438818"><ele>63.5</ele></trkpt>
   <trkpt lon="-0.115562" lat="51.438801"><ele>63.5</ele></trkpt>
   <trkpt lon="-0.115588" lat="51.438777"><ele>63.5</ele></trkpt>
   <trkpt lon="-0.115623" lat="51.438745"><ele>63.5</ele></trkpt>
   <trkpt lon="-0.115848" lat="51.438553"><ele>63.75</ele></trkpt>
   <trkpt lon="-0.116095" lat="51.438338"><ele>63.75</ele></trkpt>
   <trkpt lon="-0.116183" lat="51.438262"><ele>64.25</ele></trkpt>
   <trkpt lon="-0.116255" lat="51.438192"><ele>64.5</ele></trkpt>
   <trkpt lon="-0.116468" lat="51.438002"><ele>64.5</ele></trkpt>
   <trkpt lon="-0.116699" lat="51.437808"><ele>65.0</ele></trkpt>
   <trkpt lon="-0.116765" lat="51.437750"><ele>65.25</ele></trkpt>
   <trkpt lon="-0.116867" lat="51.437653"><ele>65.5</ele></trkpt>
   <trkpt lon="-0.116913" lat="51.437613"><ele>65.75</ele></trkpt>
   <trkpt lon="-0.117184" lat="51.437367"><ele>65.75</ele></trkpt>
   <trkpt lon="-0.117235" lat="51.437326"><ele>66.0</ele></trkpt>
   <trkpt lon="-0.117236" lat="51.437280"><ele>66.0</ele></trkpt>
   <trkpt lon="-0.117236" lat="51.437269"><ele>66.0</ele></trkpt>
   <trkpt lon="-0.117243" lat="51.437237"><ele>66.0</ele></trkpt>
   <trkpt lon="-0.117467" lat="51.437039"><ele>66.0</ele></trkpt>
   <trkpt lon="-0.117789" lat="51.436895"><ele>66.5</ele></trkpt>
   <trkpt lon="-0.117834" lat="51.436878"><ele>66.5</ele></trkpt>
   <trkpt lon="-0.117871" lat="51.436866"><ele>66.5</ele></trkpt>
   <trkpt lon="-0.117932" lat="51.436831"><ele>66.25</ele></trkpt>
   <trkpt lon="-0.117859" lat="51.436818"><ele>66.0</ele></trkpt>
   <trkpt lon="-0.117784" lat="51.436780"><ele>65.75</ele></trkpt>
   <trkpt lon="-0.117820" lat="51.436758"><ele>65.75</ele></trkpt>
   <trkpt lon="-0.118223" lat="51.436546"><ele>66.0</ele></trkpt>
   <trkpt lon="-0.118590" lat="51.436350"><ele>66.75</ele></trkpt>
   <trkpt lon="-0.118706" lat="51.436283"><ele>66.5</ele></trkpt>
   <trkpt lon="-0.118660" lat="51.436255"><ele>66.5</ele></trkpt>
   <trkpt lon="-0.118646" lat="51.436247"><ele>66.25</ele></trkpt>
   <trkpt lon="-0.118033" lat="51.435917"><ele>61.0</ele></trkpt>
   <trkpt lon="-0.117404" lat="51.435580"><ele>56.5</ele></trkpt>
   <trkpt lon="-0.116897" lat="51.435325"><ele>54.5</ele></trkpt>
   <trkpt lon="-0.116697" lat="51.435216"><ele>54.25</ele></trkpt>
   <trkpt lon="-0.116578" lat="51.435137"><ele>54.0</ele></trkpt>
   <trkpt lon="-0.116539" lat="51.435107"><ele>54.0</ele></trkpt>
   <trkpt lon="-0.116382" lat="51.434951"><ele>53.75</ele></trkpt>
   <trkpt lon="-0.116343" lat="51.434912"><ele>53.75</ele></trkpt>
   <trkpt lon="-0.116331" lat="51.434896"><ele>53.75</ele></trkpt>
   <trkpt lon="-0.116430" lat="51.434860"><ele>54.0</ele></trkpt>
   <trkpt lon="-0.117400" lat="51.434448"><ele>58.5</ele></trkpt>
   <trkpt lon="-0.117514" lat="51.434388"><ele>58.5</ele></trkpt>
   <trkpt lon="-0.117808" lat="51.434234"><ele>60.0</ele></trkpt>
   <trkpt lon="-0.117921" lat="51.434163"><ele>60.5</ele></trkpt>
   <trkpt lon="-0.118001" lat="51.434060"><ele>61.0</ele></trkpt>
   <trkpt lon="-0.118018" lat="51.433972"><ele>61.5</ele></trkpt>
   <trkpt lon="-0.118002" lat="51.433894"><ele>61.75</ele></trkpt>
   <trkpt lon="-0.117959" lat="51.433823"><ele>61.75</ele></trkpt>
   <trkpt lon="-0.117850" lat="51.433716"><ele>62.25</ele></trkpt>
   <trkpt lon="-0.117797" lat="51.433683"><ele>62.5</ele></trkpt>
   <trkpt lon="-0.117521" lat="51.433510"><ele>63.25</ele></trkpt>
   <trkpt lon="-0.117426" lat="51.433440"><ele>63.75</ele></trkpt>
   <trkpt lon="-0.117483" lat="51.433361"><ele>63.75</ele></trkpt>
   <trkpt lon="-0.117564" lat="51.433270"><ele>64.0</ele></trkpt>
   <trkpt lon="-0.117650" lat="51.433195"><ele>64.0</ele></trkpt>
   <trkpt lon="-0.117682" lat="51.433161"><ele>64.0</ele></trkpt>
   <trkpt lon="-0.117714" lat="51.433123"><ele>64.0</ele></trkpt>
   <trkpt lon="-0.117777" lat="51.433036"><ele>64.0</ele></trkpt>
   <trkpt lon="-0.117814" lat="51.432938"><ele>63.75</ele></trkpt>
   <trkpt lon="-0.117826" lat="51.432912"><ele>63.75</ele></trkpt>
   <trkpt lon="-0.117836" lat="51.432886"><ele>63.75</ele></trkpt>
   <trkpt lon="-0.117889" lat="51.432786"><ele>63.5</ele></trkpt>
   <trkpt lon="-0.117910" lat="51.432739"><ele>63.25</ele></trkpt>
   <trkpt lon="-0.117949" lat="51.432653"><ele>62.75</ele></trkpt>
   <trkpt lon="-0.118005" lat="51.432533"><ele>62.25</ele></trkpt>
   <trkpt lon="-0.118198" lat="51.432088"><ele>61.0</ele></trkpt>
   <trkpt lon="-0.118252" lat="51.431960"><ele>60.25</ele></trkpt>
   <trkpt lon="-0.118393" lat="51.431630"><ele>58.5</ele></trkpt>
   <trkpt lon="-0.118531" lat="51.431297"><ele>56.25</ele></trkpt>
   <trkpt lon="-0.118614" lat="51.431094"><ele>54.75</ele></trkpt>
   <trkpt lon="-0.118707" lat="51.430886"><ele>54.25</ele></trkpt>
   <trkpt lon="-0.118850" lat="51.430543"><ele>52.75</ele></trkpt>
   <trkpt lon="-0.119059" lat="51.430027"><ele>52.0</ele></trkpt>
   <trkpt lon="-0.119109" lat="51.429910"><ele>52.0</ele></trkpt>
   <trkpt lon="-0.119128" lat="51.429860"><ele>52.0</ele></trkpt>
   <trkpt lon="-0.119145" lat="51.429824"><ele>52.0</ele></trkpt>
   <trkpt lon="-0.119413" lat="51.429197"><ele>52.0</ele></trkpt>
   <trkpt lon="-0.119518" lat="51.428950"><ele>52.5</ele></trkpt>
   <trkpt lon="-0.119613" lat="51.428758"><ele>53.0</ele></trkpt>
   <trkpt lon="-0.119700" lat="51.428560"><ele>53.25</ele></trkpt>
   <trkpt lon="-0.119817" lat="51.428293"><ele>53.75</ele></trkpt>
   <trkpt lon="-0.119956" lat="51.428007"><ele>54.25</ele></trkpt>
   <trkpt lon="-0.120175" lat="51.427571"><ele>55.0</ele></trkpt>
   <trkpt lon="-0.120319" lat="51.427368"><ele>55.25</ele></trkpt>
   <trkpt lon="-0.120365" lat="51.427320"><ele>55.0</ele></trkpt>
   <trkpt lon="-0.120551" lat="51.427129"><ele>54.25</ele></trkpt>
   <trkpt lon="-0.120752" lat="51.426985"><ele>53.5</ele></trkpt>
   <trkpt lon="-0.120789" lat="51.426960"><ele>53.25</ele></trkpt>
   <trkpt lon="-0.120858" lat="51.426920"><ele>52.75</ele></trkpt>
   <trkpt lon="-0.121067" lat="51.426823"><ele>52.5</ele></trkpt>
   <trkpt lon="-0.121475" lat="51.426643"><ele>50.5</ele></trkpt>
   <trkpt lon="-0.121625" lat="51.426563"><ele>50.0</ele></trkpt>
   <trkpt lon="-0.121794" lat="51.426468"><ele>49.5</ele></trkpt>
   <trkpt lon="-0.121879" lat="51.426410"><ele>49.0</ele></trkpt>
   <trkpt lon="-0.121920" lat="51.426380"><ele>49.0</ele></trkpt>
   <trkpt lon="-0.121966" lat="51.426347"><ele>49.0</ele></trkpt>
   <trkpt lon="-0.122076" lat="51.426246"><ele>49.25</ele></trkpt>
   <trkpt lon="-0.122244" lat="51.426071"><ele>49.0</ele></trkpt>
   <trkpt lon="-0.122382" lat="51.425877"><ele>49.25</ele></trkpt>
   <trkpt lon="-0.122411" lat="51.425824"><ele>49.25</ele></trkpt>
   <trkpt lon="-0.122436" lat="51.425774"><ele>49.25</ele></trkpt>
   <trkpt lon="-0.122553" lat="51.425483"><ele>50.25</ele></trkpt>
   <trkpt lon="-0.122729" lat="51.425061"><ele>51.0</ele></trkpt>
   <trkpt lon="-0.122820" lat="51.424839"><ele>52.0</ele></trkpt>
   <trkpt lon="-0.122756" lat="51.424823"><ele>52.25</ele></trkpt>
   <trkpt lon="-0.122730" lat="51.424816"><ele>52.25</ele></trkpt>
   <trkpt lon="-0.122365" lat="51.424725"><ele>54.25</ele></trkpt>
   <trkpt lon="-0.121862" lat="51.424610"><ele>57.75</ele></trkpt>
   <trkpt lon="-0.121419" lat="51.424507"><ele>61.0</ele></trkpt>
   <trkpt lon="-0.120922" lat="51.424386"><ele>64.75</ele></trkpt>
   <trkpt lon="-0.120683" lat="51.424315"><ele>66.75</ele></trkpt>
   <trkpt lon="-0.120535" lat="51.424243"><ele>67.75</ele></trkpt>
   <trkpt lon="-0.120497" lat="51.424211"><ele>68.25</ele></trkpt>
   <trkpt lon="-0.120411" lat="51.424097"><ele>69.75</ele></trkpt>
   <trkpt lon="-0.120363" lat="51.423995"><ele>71.0</ele></trkpt>
   <trkpt lon="-0.120128" lat="51.423421"><ele>74.25</ele></trkpt>
   <trkpt lon="-0.120047" lat="51.423222"><ele>74.75</ele></trkpt>
   <trkpt lon="-0.120038" lat="51.423191"><ele>74.75</ele></trkpt>
   <trkpt lon="-0.120015" lat="51.423144"><ele>74.75</ele></trkpt>
   <trkpt lon="-0.119773" lat="51.423171"><ele>76.0</ele></trkpt>
   <trkpt lon="-0.119626" lat="51.423190"><ele>76.75</ele></trkpt>
   <trkpt lon="-0.119586" lat="51.423130"><ele>76.75</ele></trkpt>
   <trkpt lon="-0.119227" lat="51.422680"><ele>76.25</ele></trkpt>
   <trkpt lon="-0.119164" lat="51.422586"><ele>76.25</ele></trkpt>
   <trkpt lon="-0.119155" lat="51.422572"><ele>76.25</ele></trkpt>
   <trkpt lon="-0.119163" lat="51.422507"><ele>76.0</ele></trkpt>
   <trkpt lon="-0.119198" lat="51.422469"><ele>75.5</ele></trkpt>
   <trkpt lon="-0.119847" lat="51.422168"><ele>72.5</ele></trkpt>
   <trkpt lon="-0.120067" lat="51.422064"><ele>71.5</ele></trkpt>
   <trkpt lon="-0.120036" lat="51.422044"><ele>71.5</ele></trkpt>
   <trkpt lon="-0.120013" lat="51.422025"><ele>71.5</ele></trkpt>
   <trkpt lon="-0.119868" lat="51.421919"><ele>70.5</ele></trkpt>
   <trkpt lon="-0.119782" lat="51.421913"><ele>70.5</ele></trkpt>
   <trkpt lon="-0.119739" lat="51.421900"><ele>70.5</ele></trkpt>
   <trkpt lon="-0.119699" lat="51.421875"><ele>70.25</ele></trkpt>
   <trkpt lon="-0.119661" lat="51.421818"><ele>69.5</ele></trkpt>
   <trkpt lon="-0.119600" lat="51.421687"><ele>68.0</ele></trkpt>
   <trkpt lon="-0.119538" lat="51.421632"><ele>67.5</ele></trkpt>
   <trkpt lon="-0.119164" lat="51.421308"><ele>63.75</ele></trkpt>
   <trkpt lon="-0.118890" lat="51.421005"><ele>59.75</ele></trkpt>
   <trkpt lon="-0.118832" lat="51.420945"><ele>59.0</ele></trkpt>
   <trkpt lon="-0.118650" lat="51.420725"><ele>56.25</ele></trkpt>
   <trkpt lon="-0.118692" lat="51.420701"><ele>56.0</ele></trkpt>
   <trkpt lon="-0.118720" lat="51.420685"><ele>55.75</ele></trkpt>
   <trkpt lon="-0.119072" lat="51.420497"><ele>53.25</ele></trkpt>
   <trkpt lon="-0.119998" lat="51.420000"><ele>48.75</ele></trkpt>
   <trkpt lon="-0.120066" lat="51.419958"><ele>48.5</ele></trkpt>
   <trkpt lon="-0.120159" lat="51.419888"><ele>48.0</ele></trkpt>
   <trkpt lon="-0.120370" lat="51.419678"><ele>46.75</ele></trkpt>
   <trkpt lon="-0.120453" lat="51.419614"><ele>46.5</ele></trkpt>
   <trkpt lon="-0.120549" lat="51.419571"><ele>46.25</ele></trkpt>
   <trkpt lon="-0.121178" lat="51.419387"><ele>45.75</ele></trkpt>
   <trkpt lon="-0.122652" lat="51.419049"><ele>45.25</ele></trkpt>
   <trkpt lon="-0.123920" lat="51.418751"><ele>45.5</ele></trkpt>
   <trkpt lon="-0.124001" lat="51.418726"><ele>45.5</ele></trkpt>
   <trkpt lon="-0.124070" lat="51.418693"><ele>45.25</ele></trkpt>
   <trkpt lon="-0.126015" lat="51.417614"><ele>44.0</ele></trkpt>
   <trkpt lon="-0.126062" lat="51.417588"><ele>44.0</ele></trkpt>
   <trkpt lon="-0.126081" lat="51.417577"><ele>44.0</ele></trkpt>
   <trkpt lon="-0.126109" lat="51.417562"><ele>44.0</ele></trkpt>
   <trkpt lon="-0.126170" lat="51.417528"><ele>43.75</ele></trkpt>
   <trkpt lon="-0.126344" lat="51.417431"><ele>42.75</ele></trkpt>
   <trkpt lon="-0.126380" lat="51.417420"><ele>42.5</ele></trkpt>
   <trkpt lon="-0.126433" lat="51.417404"><ele>42.5</ele></trkpt>
   <trkpt lon="-0.126469" lat="51.417392"><ele>42.5</ele></trkpt>
   <trkpt lon="-0.126413" lat="51.417321"><ele>42.25</ele></trkpt>
   <trkpt lon="-0.126315" lat="51.417146"><ele>41.75</ele></trkpt>
   <trkpt lon="-0.126260" lat="51.417097"><ele>41.75</ele></trkpt>
   <trkpt lon="-0.125826" lat="51.416683"><ele>40.0</ele></trkpt>
   <trkpt lon="-0.125735" lat="51.416588"><ele>39.5</ele></trkpt>
   <trkpt lon="-0.125647" lat="51.416505"><ele>39.0</ele></trkpt>
   <trkpt lon="-0.125112" lat="51.415994"><ele>37.5</ele></trkpt>
   <trkpt lon="-0.125052" lat="51.415936"><ele>37.25</ele></trkpt>
   <trkpt lon="-0.124779" lat="51.415676"><ele>36.5</ele></trkpt>
   <trkpt lon="-0.124683" lat="51.415584"><ele>36.0</ele></trkpt>
   <trkpt lon="-0.124646" lat="51.415556"><ele>36.0</ele></trkpt>
   <trkpt lon="-0.124561" lat="51.415467"><ele>35.75</ele></trkpt>
   <trkpt lon="-0.124458" lat="51.415349"><ele>35.25</ele></trkpt>
   <trkpt lon="-0.124432" lat="51.415320"><ele>35.0</ele></trkpt>
   <trkpt lon="-0.124395" lat="51.415281"><ele>35.0</ele></trkpt>
   <trkpt lon="-0.124155" lat="51.414948"><ele>35.0</ele></trkpt>
   <trkpt lon="-0.124120" lat="51.414883"><ele>35.25</ele></trkpt>
   <trkpt lon="-0.124088" lat="51.414740"><ele>34.5</ele></trkpt>
   <trkpt lon="-0.124089" lat="51.414696"><ele>34.25</ele></trkpt>
   <trkpt lon="-0.124090" lat="51.414633"><ele>34.25</ele></trkpt>
   <trkpt lon="-0.124112" lat="51.414528"><ele>33.75</ele></trkpt>
   <trkpt lon="-0.124134" lat="51.414483"><ele>33.25</ele></trkpt>
   <trkpt lon="-0.124159" lat="51.414429"><ele>33.0</ele></trkpt>
   <trkpt lon="-0.124225" lat="51.414293"><ele>33.0</ele></trkpt>
   <trkpt lon="-0.124320" lat="51.414117"><ele>33.0</ele></trkpt>
   <trkpt lon="-0.124331" lat="51.414095"><ele>33.0</ele></trkpt>
   <trkpt lon="-0.124346" lat="51.414064"><ele>33.0</ele></trkpt>
   <trkpt lon="-0.124411" lat="51.413930"><ele>33.0</ele></trkpt>
   <trkpt lon="-0.124501" lat="51.413746"><ele>33.0</ele></trkpt>
   <trkpt lon="-0.124520" lat="51.413621"><ele>33.0</ele></trkpt>
   <trkpt lon="-0.124504" lat="51.413540"><ele>33.0</ele></trkpt>
   <trkpt lon="-0.124477" lat="51.413441"><ele>33.0</ele></trkpt>
   <trkpt lon="-0.124379" lat="51.413241"><ele>33.0</ele></trkpt>
   <trkpt lon="-0.124141" lat="51.412803"><ele>33.0</ele></trkpt>
   <trkpt lon="-0.124133" lat="51.412787"><ele>33.0</ele></trkpt>
   <trkpt lon="-0.124102" lat="51.412726"><ele>33.0</ele></trkpt>
   <trkpt lon="-0.124061" lat="51.412660"><ele>33.0</ele></trkpt>
   <trkpt lon="-0.124029" lat="51.412612"><ele>33.0</ele></trkpt>
   <trkpt lon="-0.123955" lat="51.412629"><ele>33.0</ele></trkpt>
   <trkpt lon="-0.123936" lat="51.412633"><ele>33.0</ele></trkpt>
   <trkpt lon="-0.123895" lat="51.412569"><ele>33.0</ele></trkpt>
   <trkpt lon="-0.123821" lat="51.412469"><ele>33.0</ele></trkpt>
   <trkpt lon="-0.123755" lat="51.412446"><ele>33.25</ele></trkpt>
   <trkpt lon="-0.123701" lat="51.412430"><ele>33.5</ele></trkpt>
   <trkpt lon="-0.123628" lat="51.412407"><ele>33.5</ele></trkpt>
   <trkpt lon="-0.123612" lat="51.412348"><ele>33.25</ele></trkpt>
   <trkpt lon="-0.123534" lat="51.412330"><ele>33.5</ele></trkpt>
   <trkpt lon="-0.122834" lat="51.412105"><ele>34.75</ele></trkpt>
   <trkpt lon="-0.121912" lat="51.411810"><ele>36.75</ele></trkpt>
   <trkpt lon="-0.121665" lat="51.411740"><ele>35.75</ele></trkpt>
   <trkpt lon="-0.121527" lat="51.411714"><ele>35.75</ele></trkpt>
   <trkpt lon="-0.120867" lat="51.411652"><ele>35.25</ele></trkpt>
   <trkpt lon="-0.120503" lat="51.411618"><ele>35.0</ele></trkpt>
   <trkpt lon="-0.120228" lat="51.411580"><ele>35.25</ele></trkpt>
   <trkpt lon="-0.120116" lat="51.411554"><ele>35.25</ele></trkpt>
   <trkpt lon="-0.119867" lat="51.411460"><ele>35.5</ele></trkpt>
   <trkpt lon="-0.118812" lat="51.411049"><ele>36.0</ele></trkpt>
   <trkpt lon="-0.117643" lat="51.410584"><ele>35.75</ele></trkpt>
   <trkpt lon="-0.117605" lat="51.410569"><ele>35.75</ele></trkpt>
   <trkpt lon="-0.115717" lat="51.409823"><ele>35.0</ele></trkpt>
   <trkpt lon="-0.115532" lat="51.409740"><ele>35.0</ele></trkpt>
   <trkpt lon="-0.115305" lat="51.409584"><ele>35.0</ele></trkpt>
   <trkpt lon="-0.115172" lat="51.409507"><ele>35.25</ele></trkpt>
   <trkpt lon="-0.115064" lat="51.409441"><ele>35.75</ele></trkpt>
   <trkpt lon="-0.114824" lat="51.409292"><ele>36.25</ele></trkpt>
   <trkpt lon="-0.113613" lat="51.408592"><ele>37.75</ele></trkpt>
   <trkpt lon="-0.112614" lat="51.408007"><ele>38.5</ele></trkpt>
   <trkpt lon="-0.109561" lat="51.406029"><ele>41.75</ele></trkpt>
   <trkpt lon="-0.109058" lat="51.405676"><ele>42.0</ele></trkpt>
   <trkpt lon="-0.109035" lat="51.405662"><ele>41.75</ele></trkpt>
   <trkpt lon="-0.107707" lat="51.404782"><ele>44.0</ele></trkpt>
   <trkpt lon="-0.106742" lat="51.404171"><ele>45.0</ele></trkpt>
   <trkpt lon="-0.106106" lat="51.403762"><ele>45.0</ele></trkpt>
   <trkpt lon="-0.105506" lat="51.403363"><ele>46.75</ele></trkpt>
   <trkpt lon="-0.105436" lat="51.403316"><ele>47.0</ele></trkpt>
   <trkpt lon="-0.104696" lat="51.402825"><ele>49.0</ele></trkpt>
   <trkpt lon="-0.103829" lat="51.402287"><ele>49.0</ele></trkpt>
   <trkpt lon="-0.103586" lat="51.402128"><ele>48.5</ele></trkpt>
   <trkpt lon="-0.103121" lat="51.401844"><ele>47.5</ele></trkpt>
   <trkpt lon="-0.102996" lat="51.401794"><ele>47.5</ele></trkpt>
   <trkpt lon="-0.102239" lat="51.401609"><ele>48.0</ele></trkpt>
   <trkpt lon="-0.102164" lat="51.401589"><ele>48.0</ele></trkpt>
   <trkpt lon="-0.102516" lat="51.401154"><ele>47.75</ele></trkpt>
   <trkpt lon="-0.102774" lat="51.400856"><ele>47.75</ele></trkpt>
   <trkpt lon="-0.102798" lat="51.400807"><ele>47.5</ele></trkpt>
   <trkpt lon="-0.102806" lat="51.400754"><ele>46.75</ele></trkpt>
   <trkpt lon="-0.102795" lat="51.400707"><ele>46.5</ele></trkpt>
   <trkpt lon="-0.102745" lat="51.400657"><ele>46.25</ele></trkpt>
   <trkpt lon="-0.102500" lat="51.400496"><ele>47.75</ele></trkpt>
   <trkpt lon="-0.102480" lat="51.400479"><ele>47.5</ele></trkpt>
   <trkpt lon="-0.102475" lat="51.400460"><ele>47.25</ele></trkpt>
   <trkpt lon="-0.102523" lat="51.400417"><ele>46.25</ele></trkpt>
   <trkpt lon="-0.102832" lat="51.400254"><ele>44.5</ele></trkpt>
   <trkpt lon="-0.103293" lat="51.400020"><ele>46.0</ele></trkpt>
   <trkpt lon="-0.103364" lat="51.399986"><ele>45.75</ele></trkpt>
   <trkpt lon="-0.103427" lat="51.399953"><ele>45.75</ele></trkpt>
   <trkpt lon="-0.103550" lat="51.399876"><ele>45.5</ele></trkpt>
   <trkpt lon="-0.103684" lat="51.399769"><ele>44.75</ele></trkpt>
   <trkpt lon="-0.103779" lat="51.399648"><ele>44.0</ele></trkpt>
   <trkpt lon="-0.103823" lat="51.399531"><ele>43.5</ele></trkpt>
   <trkpt lon="-0.103856" lat="51.399323"><ele>43.0</ele></trkpt>
   <trkpt lon="-0.103798" lat="51.399304"><ele>43.0</ele></trkpt>
   <trkpt lon="-0.103744" lat="51.399281"><ele>43.0</ele></trkpt>
   <trkpt lon="-0.103676" lat="51.399211"><ele>43.0</ele></trkpt>
   <trkpt lon="-0.103109" lat="51.398621"><ele>44.0</ele></trkpt>
   <trkpt lon="-0.102693" lat="51.398230"><ele>44.0</ele></trkpt>
   <trkpt lon="-0.102608" lat="51.398127"><ele>44.0</ele></trkpt>
   <trkpt lon="-0.102424" lat="51.397875"><ele>44.0</ele></trkpt>
   <trkpt lon="-0.102358" lat="51.397858"><ele>43.75</ele></trkpt>
   <trkpt lon="-0.102335" lat="51.397833"><ele>44.0</ele></trkpt>
   <trkpt lon="-0.102315" lat="51.397809"><ele>44.0</ele></trkpt>
   <trkpt lon="-0.102315" lat="51.397755"><ele>44.0</ele></trkpt>
   <trkpt lon="-0.102274" lat="51.397714"><ele>44.0</ele></trkpt>
   <trkpt lon="-0.102260" lat="51.397701"><ele>44.0</ele></trkpt>
   <trkpt lon="-0.101992" lat="51.397413"><ele>44.0</ele></trkpt>
   <trkpt lon="-0.101863" lat="51.397276"><ele>44.0</ele></trkpt>
   <trkpt lon="-0.101608" lat="51.396987"><ele>44.0</ele></trkpt>
   <trkpt lon="-0.101490" lat="51.396847"><ele>44.0</ele></trkpt>
   <trkpt lon="-0.101320" lat="51.396615"><ele>44.0</ele></trkpt>
   <trkpt lon="-0.101253" lat="51.396545"><ele>44.0</ele></trkpt>
   <trkpt lon="-0.100788" lat="51.396161"><ele>44.75</ele></trkpt>
   <trkpt lon="-0.100316" lat="51.395780"><ele>45.0</ele></trkpt>
   <trkpt lon="-0.100233" lat="51.395721"><ele>45.0</ele></trkpt>
   <trkpt lon="-0.099871" lat="51.395509"><ele>45.0</ele></trkpt>
   <trkpt lon="-0.099737" lat="51.395430"><ele>45.0</ele></trkpt>
   <trkpt lon="-0.099706" lat="51.395405"><ele>45.0</ele></trkpt>
   <trkpt lon="-0.099665" lat="51.395381"><ele>45.0</ele></trkpt>
   <trkpt lon="-0.099507" lat="51.395283"><ele>45.0</ele></trkpt>
   <trkpt lon="-0.099201" lat="51.395083"><ele>45.5</ele></trkpt>
   <trkpt lon="-0.099023" lat="51.394941"><ele>46.0</ele></trkpt>
   <trkpt lon="-0.098896" lat="51.394840"><ele>46.0</ele></trkpt>
   <trkpt lon="-0.098842" lat="51.394796"><ele>45.75</ele></trkpt>
   <trkpt lon="-0.098767" lat="51.394734"><ele>45.75</ele></trkpt>
   <trkpt lon="-0.098614" lat="51.394610"><ele>46.0</ele></trkpt>
   <trkpt lon="-0.098658" lat="51.394589"><ele>46.0</ele></trkpt>
   <trkpt lon="-0.098837" lat="51.394508"><ele>46.0</ele></trkpt>
   <trkpt lon="-0.099369" lat="51.394259"><ele>45.0</ele></trkpt>
   <trkpt lon="-0.099692" lat="51.394113"><ele>45.0</ele></trkpt>
   <trkpt lon="-0.100034" lat="51.393953"><ele>44.0</ele></trkpt>
   <trkpt lon="-0.100000" lat="51.393925"><ele>44.0</ele></trkpt>
   <trkpt lon="-0.099911" lat="51.393852"><ele>44.25</ele></trkpt>
   <trkpt lon="-0.099309" lat="51.393371"><ele>45.0</ele></trkpt>
   <trkpt lon="-0.099097" lat="51.393205"><ele>45.5</ele></trkpt>
   <trkpt lon="-0.098714" lat="51.392898"><ele>47.0</ele></trkpt>
   <trkpt lon="-0.098501" lat="51.392736"><ele>48.0</ele></trkpt>
   <trkpt lon="-0.098326" lat="51.392607"><ele>48.5</ele></trkpt>
   <trkpt lon="-0.097943" lat="51.392334"><ele>49.0</ele></trkpt>
   <trkpt lon="-0.097894" lat="51.392301"><ele>49.0</ele></trkpt>
   <trkpt lon="-0.097843" lat="51.392282"><ele>49.0</ele></trkpt>
   <trkpt lon="-0.097887" lat="51.392254"><ele>49.0</ele></trkpt>
   <trkpt lon="-0.098172" lat="51.392090"><ele>48.5</ele></trkpt>
   <trkpt lon="-0.098222" lat="51.392063"><ele>48.75</ele></trkpt>
   <trkpt lon="-0.098325" lat="51.392007"><ele>48.75</ele></trkpt>
   <trkpt lon="-0.098596" lat="51.391858"><ele>48.5</ele></trkpt>
   <trkpt lon="-0.098715" lat="51.391794"><ele>48.5</ele></trkpt>
   <trkpt lon="-0.099317" lat="51.391465"><ele>49.0</ele></trkpt>
   <trkpt lon="-0.099922" lat="51.391132"><ele>49.0</ele></trkpt>
   <trkpt lon="-0.100849" lat="51.390635"><ele>49.0</ele></trkpt>
   <trkpt lon="-0.101511" lat="51.390260"><ele>49.0</ele></trkpt>
   <trkpt lon="-0.101888" lat="51.390054"><ele>48.75</ele></trkpt>
   <trkpt lon="-0.102475" lat="51.389742"><ele>49.0</ele></trkpt>
   <trkpt lon="-0.102573" lat="51.389688"><ele>49.0</ele></trkpt>
   <trkpt lon="-0.103439" lat="51.389207"><ele>50.0</ele></trkpt>
   <trkpt lon="-0.103889" lat="51.388965"><ele>50.0</ele></trkpt>
   <trkpt lon="-0.103944" lat="51.388943"><ele>50.0</ele></trkpt>
   <trkpt lon="-0.103737" lat="51.388744"><ele>50.0</ele></trkpt>
   <trkpt lon="-0.103652" lat="51.388663"><ele>50.0</ele></trkpt>
   <trkpt lon="-0.103507" lat="51.388523"><ele>50.0</ele></trkpt>
   <trkpt lon="-0.103470" lat="51.388487"><ele>50.0</ele></trkpt>
   <trkpt lon="-0.103247" lat="51.388273"><ele>50.0</ele></trkpt>
   <trkpt lon="-0.102751" lat="51.387792"><ele>50.75</ele></trkpt>
   <trkpt lon="-0.102438" lat="51.387488"><ele>51.0</ele></trkpt>
   <trkpt lon="-0.102354" lat="51.387409"><ele>51.0</ele></trkpt>
   <trkpt lon="-0.102343" lat="51.387398"><ele>51.0</ele></trkpt>
   <trkpt lon="-0.102330" lat="51.387386"><ele>51.0</ele></trkpt>
   <trkpt lon="-0.102100" lat="51.387167"><ele>51.0</ele></trkpt>
   <trkpt lon="-0.101829" lat="51.386904"><ele>51.0</ele></trkpt>
   <trkpt lon="-0.101759" lat="51.386837"><ele>51.0</ele></trkpt>
   <trkpt lon="-0.101746" lat="51.386825"><ele>51.0</ele></trkpt>
   <trkpt lon="-0.101733" lat="51.386812"><ele>51.0</ele></trkpt>
   <trkpt lon="-0.101447" lat="51.386539"><ele>51.0</ele></trkpt>
   <trkpt lon="-0.101301" lat="51.386393"><ele>51.0</ele></trkpt>
   <trkpt lon="-0.101225" lat="51.386324"><ele>51.0</ele></trkpt>
   <trkpt lon="-0.100879" lat="51.385985"><ele>51.25</ele></trkpt>
   <trkpt lon="-0.100607" lat="51.385725"><ele>52.0</ele></trkpt>
   <trkpt lon="-0.100571" lat="51.385691"><ele>52.0</ele></trkpt>
   <trkpt lon="-0.100405" lat="51.385536"><ele>52.0</ele></trkpt>
   <trkpt lon="-0.101332" lat="51.385168"><ele>52.0</ele></trkpt>
   <trkpt lon="-0.101425" lat="51.385131"><ele>52.0</ele></trkpt>
   <trkpt lon="-0.101896" lat="51.384938"><ele>52.0</ele></trkpt>
   <trkpt lon="-0.101735" lat="51.384778"><ele>52.0</ele></trkpt>
   <trkpt lon="-0.101496" lat="51.384499"><ele>52.0</ele></trkpt>
   <trkpt lon="-0.101174" lat="51.384192"><ele>52.75</ele></trkpt>
   <trkpt lon="-0.101047" lat="51.384070"><ele>52.75</ele></trkpt>
   <trkpt lon="-0.101000" lat="51.384040"><ele>52.75</ele></trkpt>
   <trkpt lon="-0.100955" lat="51.383990"><ele>52.75</ele></trkpt>
   <trkpt lon="-0.100952" lat="51.383966"><ele>52.75</ele></trkpt>
   <trkpt lon="-0.100945" lat="51.383937"><ele>52.75</ele></trkpt>
   <trkpt lon="-0.100957" lat="51.383905"><ele>52.75</ele></trkpt>
   <trkpt lon="-0.101216" lat="51.383431"><ele>53.0</ele></trkpt>
   <trkpt lon="-0.101220" lat="51.383376"><ele>53.0</ele></trkpt>
   <trkpt lon="-0.101256" lat="51.383305"><ele>53.0</ele></trkpt>
   <trkpt lon="-0.101325" lat="51.383319"><ele>53.0</ele></trkpt>
   <trkpt lon="-0.101648" lat="51.383387"><ele>52.75</ele></trkpt>
   <trkpt lon="-0.101779" lat="51.383150"><ele>52.5</ele></trkpt>
   <trkpt lon="-0.101884" lat="51.382971"><ele>52.25</ele></trkpt>
   <trkpt lon="-0.101972" lat="51.382858"><ele>52.5</ele></trkpt>
   <trkpt lon="-0.102030" lat="51.382798"><ele>52.75</ele></trkpt>
   <trkpt lon="-0.102133" lat="51.382723"><ele>53.0</ele></trkpt>
   <trkpt lon="-0.101411" lat="51.382448"><ele>53.0</ele></trkpt>
   <trkpt lon="-0.101267" lat="51.382392"><ele>53.0</ele></trkpt>
   <trkpt lon="-0.100630" lat="51.382154"><ele>53.0</ele></trkpt>
   <trkpt lon="-0.100580" lat="51.382123"><ele>53.0</ele></trkpt>
   <trkpt lon="-0.100723" lat="51.382005"><ele>53.0</ele></trkpt>
   <trkpt lon="-0.100905" lat="51.381845"><ele>53.0</ele></trkpt>
   <trkpt lon="-0.101552" lat="51.381243"><ele>53.0</ele></trkpt>
   <trkpt lon="-0.101750" lat="51.381068"><ele>53.0</ele></trkpt>
   <trkpt lon="-0.102095" lat="51.380710"><ele>54.0</ele></trkpt>
   <trkpt lon="-0.102280" lat="51.380498"><ele>53.75</ele></trkpt>
   <trkpt lon="-0.102606" lat="51.380098"><ele>53.5</ele></trkpt>
   <trkpt lon="-0.102714" lat="51.379958"><ele>53.0</ele></trkpt>
   <trkpt lon="-0.102957" lat="51.379594"><ele>52.5</ele></trkpt>
   <trkpt lon="-0.103056" lat="51.379481"><ele>52.0</ele></trkpt>
   <trkpt lon="-0.103121" lat="51.379438"><ele>51.75</ele></trkpt>
   <trkpt lon="-0.103189" lat="51.379405"><ele>51.75</ele></trkpt>
   <trkpt lon="-0.103343" lat="51.379350"><ele>51.5</ele></trkpt>
   <trkpt lon="-0.103588" lat="51.379264"><ele>51.0</ele></trkpt>
   <trkpt lon="-0.103749" lat="51.379199"><ele>50.5</ele></trkpt>
   <trkpt lon="-0.103566" lat="51.378991"><ele>50.25</ele></trkpt>
   <trkpt lon="-0.103433" lat="51.378837"><ele>50.5</ele></trkpt>
   <trkpt lon="-0.103101" lat="51.378476"><ele>50.75</ele></trkpt>
   <trkpt lon="-0.102978" lat="51.378334"><ele>50.75</ele></trkpt>
   <trkpt lon="-0.102878" lat="51.378219"><ele>49.75</ele></trkpt>
   <trkpt lon="-0.102838" lat="51.378178"><ele>49.0</ele></trkpt>
   <trkpt lon="-0.102783" lat="51.378126"><ele>48.0</ele></trkpt>
   <trkpt lon="-0.102749" lat="51.378091"><ele>47.75</ele></trkpt>
   <trkpt lon="-0.102720" lat="51.378062"><ele>48.0</ele></trkpt>
   <trkpt lon="-0.102693" lat="51.378035"><ele>48.75</ele></trkpt>
   <trkpt lon="-0.102683" lat="51.378024"><ele>49.0</ele></trkpt>
   <trkpt lon="-0.102645" lat="51.377985"><ele>50.0</ele></trkpt>
   <trkpt lon="-0.102597" lat="51.377937"><ele>51.0</ele></trkpt>
   <trkpt lon="-0.102487" lat="51.377825"><ele>52.75</ele></trkpt>
   <trkpt lon="-0.102455" lat="51.377805"><ele>52.75</ele></trkpt>
   <trkpt lon="-0.102414" lat="51.377760"><ele>53.0</ele></trkpt>
   <trkpt lon="-0.102304" lat="51.377619"><ele>53.0</ele></trkpt>
   <trkpt lon="-0.102273" lat="51.377607"><ele>53.0</ele></trkpt>
   <trkpt lon="-0.102255" lat="51.377570"><ele>53.0</ele></trkpt>
   <trkpt lon="-0.102252" lat="51.377564"><ele>53.0</ele></trkpt>
   <trkpt lon="-0.102224" lat="51.377522"><ele>53.0</ele></trkpt>
   <trkpt lon="-0.102214" lat="51.377477"><ele>53.0</ele></trkpt>
   <trkpt lon="-0.102230" lat="51.377403"><ele>52.75</ele></trkpt>
   <trkpt lon="-0.102223" lat="51.377364"><ele>52.75</ele></trkpt>
   <trkpt lon="-0.102000" lat="51.376989"><ele>52.75</ele></trkpt>
   <trkpt lon="-0.101794" lat="51.376618"><ele>53.0</ele></trkpt>
   <trkpt lon="-0.101726" lat="51.376492"><ele>53.25</ele></trkpt>
   <trkpt lon="-0.101694" lat="51.376431"><ele>53.5</ele></trkpt>
   <trkpt lon="-0.101608" lat="51.376268"><ele>53.5</ele></trkpt>
   <trkpt lon="-0.101557" lat="51.376213"><ele>53.5</ele></trkpt>
   <trkpt lon="-0.101456" lat="51.376128"><ele>53.75</ele></trkpt>
   <trkpt lon="-0.101403" lat="51.376055"><ele>53.75</ele></trkpt>
   <trkpt lon="-0.101306" lat="51.375770"><ele>53.75</ele></trkpt>
   <trkpt lon="-0.101320" lat="51.375640"><ele>53.25</ele></trkpt>
   <trkpt lon="-0.101307" lat="51.375571"><ele>53.25</ele></trkpt>
   <trkpt lon="-0.101003" lat="51.375051"><ele>53.25</ele></trkpt>
   <trkpt lon="-0.100995" lat="51.375036"><ele>53.25</ele></trkpt>
   <trkpt lon="-0.100926" lat="51.374893"><ele>53.5</ele></trkpt>
   <trkpt lon="-0.100666" lat="51.374352"><ele>53.5</ele></trkpt>
   <trkpt lon="-0.100353" lat="51.373716"><ele>54.25</ele></trkpt>
   <trkpt lon="-0.100357" lat="51.373689"><ele>54.25</ele></trkpt>
   <trkpt lon="-0.100349" lat="51.373594"><ele>54.5</ele></trkpt>
   <trkpt lon="-0.100346" lat="51.373555"><ele>54.5</ele></trkpt>
   <trkpt lon="-0.100341" lat="51.373528"><ele>54.75</ele></trkpt>
   <trkpt lon="-0.100339" lat="51.373387"><ele>55.25</ele></trkpt>
   <trkpt lon="-0.100323" lat="51.373223"><ele>55.5</ele></trkpt>
   <trkpt lon="-0.100227" lat="51.373146"><ele>56.0</ele></trkpt>
   <trkpt lon="-0.100213" lat="51.373118"><ele>56.0</ele></trkpt>
   <trkpt lon="-0.100213" lat="51.372818"><ele>56.0</ele></trkpt>
   <trkpt lon="-0.100230" lat="51.372665"><ele>56.0</ele></trkpt>
   <trkpt lon="-0.100257" lat="51.372420"><ele>55.5</ele></trkpt>
   <trkpt lon="-0.100273" lat="51.372406"><ele>55.5</ele></trkpt>
   <trkpt lon="-0.100372" lat="51.372373"><ele>54.75</ele></trkpt>
   <trkpt lon="-0.100396" lat="51.372359"><ele>54.5</ele></trkpt>
   <trkpt lon="-0.100428" lat="51.372319"><ele>54.25</ele></trkpt>
   <trkpt lon="-0.100443" lat="51.372239"><ele>53.75</ele></trkpt>
   <trkpt lon="-0.100472" lat="51.371937"><ele>52.25</ele></trkpt>
   <trkpt lon="-0.100442" lat="51.371901"><ele>52.25</ele></trkpt>
   <trkpt lon="-0.100447" lat="51.371840"><ele>52.25</ele></trkpt>
   <trkpt lon="-0.100409" lat="51.371792"><ele>52.5</ele></trkpt>
   <trkpt lon="-0.100421" lat="51.371749"><ele>52.25</ele></trkpt>
   <trkpt lon="-0.100424" lat="51.371691"><ele>52.25</ele></trkpt>
   <trkpt lon="-0.100467" lat="51.371647"><ele>52.25</ele></trkpt>
   <trkpt lon="-0.100477" lat="51.371584"><ele>52.0</ele></trkpt>
   <trkpt lon="-0.100472" lat="51.371554"><ele>52.0</ele></trkpt>
   <trkpt lon="-0.100467" lat="51.371530"><ele>52.0</ele></trkpt>
   <trkpt lon="-0.100416" lat="51.371494"><ele>52.0</ele></trkpt>
   <trkpt lon="-0.100348" lat="51.371291"><ele>51.75</ele></trkpt>
   <trkpt lon="-0.100266" lat="51.371085"><ele>51.75</ele></trkpt>
   <trkpt lon="-0.100251" lat="51.371049"><ele>51.75</ele></trkpt>
   <trkpt lon="-0.100282" lat="51.371007"><ele>51.5</ele></trkpt>
   <trkpt lon="-0.100277" lat="51.370992"><ele>51.5</ele></trkpt>
   <trkpt lon="-0.100231" lat="51.370982"><ele>51.5</ele></trkpt>
   <trkpt lon="-0.100211" lat="51.370984"><ele>51.5</ele></trkpt>
   <trkpt lon="-0.100191" lat="51.370987"><ele>51.5</ele></trkpt>
   <trkpt lon="-0.100185" lat="51.370969"><ele>51.5</ele></trkpt>
   <trkpt lon="-0.100175" lat="51.370931"><ele>51.25</ele></trkpt>
   <trkpt lon="-0.100185" lat="51.370876"><ele>51.0</ele></trkpt>
   <trkpt lon="-0.100163" lat="51.370829"><ele>50.75</ele></trkpt>
   <trkpt lon="-0.100120" lat="51.370768"><ele>50.75</ele></trkpt>
   <trkpt lon="-0.100129" lat="51.370736"><ele>50.75</ele></trkpt>
   <trkpt lon="-0.100103" lat="51.370663"><ele>50.75</ele></trkpt>
   <trkpt lon="-0.100086" lat="51.370616"><ele>50.75</ele></trkpt>
   <trkpt lon="-0.100072" lat="51.370579"><ele>50.75</ele></trkpt>
   <trkpt lon="-0.100061" lat="51.370552"><ele>50.75</ele></trkpt>
   <trkpt lon="-0.099998" lat="51.370348"><ele>50.25</ele></trkpt>
   <trkpt lon="-0.099961" lat="51.370231"><ele>50.0</ele></trkpt>
   <trkpt lon="-0.099911" lat="51.370061"><ele>50.0</ele></trkpt>
   <trkpt lon="-0.099853" lat="51.369815"><ele>49.5</ele></trkpt>
   <trkpt lon="-0.099839" lat="51.369766"><ele>49.5</ele></trkpt>
   <trkpt lon="-0.099717" lat="51.369337"><ele>49.0</ele></trkpt>
   <trkpt lon="-0.099699" lat="51.369291"><ele>49.0</ele></trkpt>
   <trkpt lon="-0.099590" lat="51.369005"><ele>48.5</ele></trkpt>
   <trkpt lon="-0.099581" lat="51.368980"><ele>48.5</ele></trkpt>
   <trkpt lon="-0.099534" lat="51.368857"><ele>48.5</ele></trkpt>
   <trkpt lon="-0.099463" lat="51.368676"><ele>48.75</ele></trkpt>
   <trkpt lon="-0.099397" lat="51.368497"><ele>49.0</ele></trkpt>
   <trkpt lon="-0.099385" lat="51.368467"><ele>49.0</ele></trkpt>
   <trkpt lon="-0.099261" lat="51.368173"><ele>48.0</ele></trkpt>
   <trkpt lon="-0.099190" lat="51.368020"><ele>47.75</ele></trkpt>
   <trkpt lon="-0.099110" lat="51.367849"><ele>48.0</ele></trkpt>
   <trkpt lon="-0.099094" lat="51.367812"><ele>48.0</ele></trkpt>
   <trkpt lon="-0.099038" lat="51.367663"><ele>48.0</ele></trkpt>
   <trkpt lon="-0.098999" lat="51.367512"><ele>48.0</ele></trkpt>
   <trkpt lon="-0.098996" lat="51.367474"><ele>47.75</ele></trkpt>
   <trkpt lon="-0.098995" lat="51.367426"><ele>47.75</ele></trkpt>
   <trkpt lon="-0.098989" lat="51.367164"><ele>47.5</ele></trkpt>
   <trkpt lon="-0.099007" lat="51.366947"><ele>47.0</ele></trkpt>
   <trkpt lon="-0.099026" lat="51.366771"><ele>47.0</ele></trkpt>
   <trkpt lon="-0.099042" lat="51.366566"><ele>47.0</ele></trkpt>
   <trkpt lon="-0.099048" lat="51.366486"><ele>47.0</ele></trkpt>
   <trkpt lon="-0.099053" lat="51.366194"><ele>47.5</ele></trkpt>
   <trkpt lon="-0.099029" lat="51.365799"><ele>48.0</ele></trkpt>
   <trkpt lon="-0.099027" lat="51.365761"><ele>48.0</ele></trkpt>
   <trkpt lon="-0.099031" lat="51.365259"><ele>48.0</ele></trkpt>
   <trkpt lon="-0.099029" lat="51.365216"><ele>48.0</ele></trkpt>
   <trkpt lon="-0.099027" lat="51.365174"><ele>48.0</ele></trkpt>
   <trkpt lon="-0.099023" lat="51.365020"><ele>48.0</ele></trkpt>
   <trkpt lon="-0.098981" lat="51.364871"><ele>48.0</ele></trkpt>
   <trkpt lon="-0.098979" lat="51.364860"><ele>48.0</ele></trkpt>
   <trkpt lon="-0.098949" lat="51.364762"><ele>48.0</ele></trkpt>
   <trkpt lon="-0.098925" lat="51.364689"><ele>48.0</ele></trkpt>
   <trkpt lon="-0.098896" lat="51.364615"><ele>48.25</ele></trkpt>
   <trkpt lon="-0.098815" lat="51.364426"><ele>49.0</ele></trkpt>
   <trkpt lon="-0.098769" lat="51.364374"><ele>49.0</ele></trkpt>
   <trkpt lon="-0.098618" lat="51.364153"><ele>49.0</ele></trkpt>
   <trkpt lon="-0.098601" lat="51.364123"><ele>49.0</ele></trkpt>
   <trkpt lon="-0.098581" lat="51.364081"><ele>49.0</ele></trkpt>
   <trkpt lon="-0.098534" lat="51.364003"><ele>49.0</ele></trkpt>
   <trkpt lon="-0.098507" lat="51.363953"><ele>49.0</ele></trkpt>
   <trkpt lon="-0.098484" lat="51.363900"><ele>49.0</ele></trkpt>
   <trkpt lon="-0.098455" lat="51.363815"><ele>49.0</ele></trkpt>
   <trkpt lon="-0.098437" lat="51.363764"><ele>49.0</ele></trkpt>
   <trkpt lon="-0.098425" lat="51.363729"><ele>49.0</ele></trkpt>
   <trkpt lon="-0.098396" lat="51.363637"><ele>49.0</ele></trkpt>
   <trkpt lon="-0.098384" lat="51.363599"><ele>49.0</ele></trkpt>
   <trkpt lon="-0.098382" lat="51.363588"><ele>49.0</ele></trkpt>
   <trkpt lon="-0.098376" lat="51.363538"><ele>49.0</ele></trkpt>
   <trkpt lon="-0.098367" lat="51.363431"><ele>49.0</ele></trkpt>
   <trkpt lon="-0.098373" lat="51.363366"><ele>49.0</ele></trkpt>
   <trkpt lon="-0.098369" lat="51.363347"><ele>49.0</ele></trkpt>
   <trkpt lon="-0.098337" lat="51.363217"><ele>49.0</ele></trkpt>
   <trkpt lon="-0.098295" lat="51.362980"><ele>49.0</ele></trkpt>
   <trkpt lon="-0.098268" lat="51.362831"><ele>49.0</ele></trkpt>
   <trkpt lon="-0.098237" lat="51.362622"><ele>49.0</ele></trkpt>
   <trkpt lon="-0.098224" lat="51.362516"><ele>49.0</ele></trkpt>
   <trkpt lon="-0.098218" lat="51.362458"><ele>49.0</ele></trkpt>
   <trkpt lon="-0.098197" lat="51.362280"><ele>49.0</ele></trkpt>
   <trkpt lon="-0.098190" lat="51.362199"><ele>49.0</ele></trkpt>
   <trkpt lon="-0.098177" lat="51.362078"><ele>49.0</ele></trkpt>
   <trkpt lon="-0.098128" lat="51.361736"><ele>49.25</ele></trkpt>
   <trkpt lon="-0.098066" lat="51.361310"><ele>49.25</ele></trkpt>
   <trkpt lon="-0.098025" lat="51.360997"><ele>49.75</ele></trkpt>
   <trkpt lon="-0.097991" lat="51.360769"><ele>50.0</ele></trkpt>
   <trkpt lon="-0.097985" lat="51.360722"><ele>50.0</ele></trkpt>
   <trkpt lon="-0.097945" lat="51.360452"><ele>50.0</ele></trkpt>
   <trkpt lon="-0.097917" lat="51.360278"><ele>50.0</ele></trkpt>
   <trkpt lon="-0.097821" lat="51.359608"><ele>50.0</ele></trkpt>
   <trkpt lon="-0.097752" lat="51.358843"><ele>51.0</ele></trkpt>
   <trkpt lon="-0.097738" lat="51.358593"><ele>51.0</ele></trkpt>
   <trkpt lon="-0.097736" lat="51.358155"><ele>51.0</ele></trkpt>
   <trkpt lon="-0.097746" lat="51.357914"><ele>51.0</ele></trkpt>
   <trkpt lon="-0.097746" lat="51.357679"><ele>51.0</ele></trkpt>
   <trkpt lon="-0.097740" lat="51.357394"><ele>51.25</ele></trkpt>
   <trkpt lon="-0.097743" lat="51.356626"><ele>52.0</ele></trkpt>
   <trkpt lon="-0.097742" lat="51.356496"><ele>52.0</ele></trkpt>
   <trkpt lon="-0.097740" lat="51.356310"><ele>52.0</ele></trkpt>
   <trkpt lon="-0.097738" lat="51.355804"><ele>52.0</ele></trkpt>
   <trkpt lon="-0.097737" lat="51.355401"><ele>53.0</ele></trkpt>
   <trkpt lon="-0.097735" lat="51.355281"><ele>53.0</ele></trkpt>
   <trkpt lon="-0.097735" lat="51.354984"><ele>53.0</ele></trkpt>
   <trkpt lon="-0.097736" lat="51.354765"><ele>53.0</ele></trkpt>
   <trkpt lon="-0.097749" lat="51.354109"><ele>52.75</ele></trkpt>
   <trkpt lon="-0.097766" lat="51.353847"><ele>53.0</ele></trkpt>
   <trkpt lon="-0.097796" lat="51.353602"><ele>54.0</ele></trkpt>
   <trkpt lon="-0.097821" lat="51.353509"><ele>54.0</ele></trkpt>
   <trkpt lon="-0.097842" lat="51.353459"><ele>54.0</ele></trkpt>
   <trkpt lon="-0.097911" lat="51.353317"><ele>54.0</ele></trkpt>
   <trkpt lon="-0.098165" lat="51.352764"><ele>54.0</ele></trkpt>
   <trkpt lon="-0.098433" lat="51.352290"><ele>54.75</ele></trkpt>
   <trkpt lon="-0.098486" lat="51.352201"><ele>55.0</ele></trkpt>
   <trkpt lon="-0.098836" lat="51.351633"><ele>55.0</ele></trkpt>
   <trkpt lon="-0.098963" lat="51.351452"><ele>55.0</ele></trkpt>
   <trkpt lon="-0.099307" lat="51.351028"><ele>55.25</ele></trkpt>
   <trkpt lon="-0.099613" lat="51.350653"><ele>55.75</ele></trkpt>
   <trkpt lon="-0.099897" lat="51.350306"><ele>56.0</ele></trkpt>
   <trkpt lon="-0.100122" lat="51.350040"><ele>56.0</ele></trkpt>
   <trkpt lon="-0.100157" lat="51.349997"><ele>56.0</ele></trkpt>
   <trkpt lon="-0.100584" lat="51.349474"><ele>56.0</ele></trkpt>
   <trkpt lon="-0.100683" lat="51.349355"><ele>56.0</ele></trkpt>
   <trkpt lon="-0.101166" lat="51.348791"><ele>56.0</ele></trkpt>
   <trkpt lon="-0.101268" lat="51.348670"><ele>56.5</ele></trkpt>
   <trkpt lon="-0.101529" lat="51.348365"><ele>57.0</ele></trkpt>
   <trkpt lon="-0.101772" lat="51.348082"><ele>57.0</ele></trkpt>
   <trkpt lon="-0.102118" lat="51.347674"><ele>57.25</ele></trkpt>
   <trkpt lon="-0.102531" lat="51.347187"><ele>57.75</ele></trkpt>
   <trkpt lon="-0.102978" lat="51.346661"><ele>58.0</ele></trkpt>
   <trkpt lon="-0.103710" lat="51.345818"><ele>58.75</ele></trkpt>
   <trkpt lon="-0.103770" lat="51.345709"><ele>58.75</ele></trkpt>
   <trkpt lon="-0.103876" lat="51.345562"><ele>58.75</ele></trkpt>
   <trkpt lon="-0.103911" lat="51.345513"><ele>59.0</ele></trkpt>
   <trkpt lon="-0.104019" lat="51.345364"><ele>59.0</ele></trkpt>
   <trkpt lon="-0.104071" lat="51.345292"><ele>58.75</ele></trkpt>
   <trkpt lon="-0.104287" lat="51.344897"><ele>58.75</ele></trkpt>
   <trkpt lon="-0.104274" lat="51.344830"><ele>58.5</ele></trkpt>
   <trkpt lon="-0.104344" lat="51.344693"><ele>58.5</ele></trkpt>
   <trkpt lon="-0.104405" lat="51.344644"><ele>58.75</ele></trkpt>
   <trkpt lon="-0.104522" lat="51.344402"><ele>60.0</ele></trkpt>
   <trkpt lon="-0.104593" lat="51.344265"><ele>60.0</ele></trkpt>
   <trkpt lon="-0.104647" lat="51.344145"><ele>60.0</ele></trkpt>
   <trkpt lon="-0.104701" lat="51.344072"><ele>60.25</ele></trkpt>
   <trkpt lon="-0.104785" lat="51.343939"><ele>60.5</ele></trkpt>
   <trkpt lon="-0.104825" lat="51.343870"><ele>60.5</ele></trkpt>
   <trkpt lon="-0.104829" lat="51.343847"><ele>60.5</ele></trkpt>
   <trkpt lon="-0.104828" lat="51.343767"><ele>60.75</ele></trkpt>
   <trkpt lon="-0.104920" lat="51.343747"><ele>60.5</ele></trkpt>
   <trkpt lon="-0.104967" lat="51.343739"><ele>60.5</ele></trkpt>
   <trkpt lon="-0.105054" lat="51.343715"><ele>60.25</ele></trkpt>
   <trkpt lon="-0.106506" lat="51.342979"><ele>60.0</ele></trkpt>
   <trkpt lon="-0.108569" lat="51.341880"><ele>61.0</ele></trkpt>
   <trkpt lon="-0.108712" lat="51.341821"><ele>61.0</ele></trkpt>
   <trkpt lon="-0.108825" lat="51.341831"><ele>61.0</ele></trkpt>
   <trkpt lon="-0.108924" lat="51.341863"><ele>61.0</ele></trkpt>
   <trkpt lon="-0.108984" lat="51.341869"><ele>61.0</ele></trkpt>
   <trkpt lon="-0.109039" lat="51.341860"><ele>61.0</ele></trkpt>
   <trkpt lon="-0.109101" lat="51.341830"><ele>61.0</ele></trkpt>
   <trkpt lon="-0.111379" lat="51.340443"><ele>62.0</ele></trkpt>
   <trkpt lon="-0.111541" lat="51.340334"><ele>62.0</ele></trkpt>
   <trkpt lon="-0.112039" lat="51.339999"><ele>63.0</ele></trkpt>
   <trkpt lon="-0.112192" lat="51.339892"><ele>63.0</ele></trkpt>
   <trkpt lon="-0.112428" lat="51.339727"><ele>63.0</ele></trkpt>
   <trkpt lon="-0.112558" lat="51.339482"><ele>64.5</ele></trkpt>
   <trkpt lon="-0.112576" lat="51.339452"><ele>64.75</ele></trkpt>
   <trkpt lon="-0.112583" lat="51.339434"><ele>65.0</ele></trkpt>
   <trkpt lon="-0.112571" lat="51.339384"><ele>65.0</ele></trkpt>
   <trkpt lon="-0.112575" lat="51.339365"><ele>65.25</ele></trkpt>
   <trkpt lon="-0.112609" lat="51.339327"><ele>65.25</ele></trkpt>
   <trkpt lon="-0.112649" lat="51.339307"><ele>65.25</ele></trkpt>
   <trkpt lon="-0.112694" lat="51.339292"><ele>65.5</ele></trkpt>
   <trkpt lon="-0.112746" lat="51.339204"><ele>65.75</ele></trkpt>
   <trkpt lon="-0.112770" lat="51.339180"><ele>65.75</ele></trkpt>
   <trkpt lon="-0.112909" lat="51.339048"><ele>66.75</ele></trkpt>
   <trkpt lon="-0.113140" lat="51.338893"><ele>67.75</ele></trkpt>
   <trkpt lon="-0.114322" lat="51.338174"><ele>69.0</ele></trkpt>
   <trkpt lon="-0.114376" lat="51.338140"><ele>69.0</ele></trkpt>
   <trkpt lon="-0.114430" lat="51.338105"><ele>69.25</ele></trkpt>
   <trkpt lon="-0.114488" lat="51.338071"><ele>69.25</ele></trkpt>
   <trkpt lon="-0.114597" lat="51.338003"><ele>69.0</ele></trkpt>
   <trkpt lon="-0.114670" lat="51.337960"><ele>68.5</ele></trkpt>
   <trkpt lon="-0.114765" lat="51.337909"><ele>68.0</ele></trkpt>
   <trkpt lon="-0.114908" lat="51.337826"><ele>67.25</ele></trkpt>
   <trkpt lon="-0.114932" lat="51.337812"><ele>67.25</ele></trkpt>
   <trkpt lon="-0.115088" lat="51.337712"><ele>66.25</ele></trkpt>
   <trkpt lon="-0.115321" lat="51.337576"><ele>65.5</ele></trkpt>
   <trkpt lon="-0.115343" lat="51.337563"><ele>65.5</ele></trkpt>
   <trkpt lon="-0.115377" lat="51.337538"><ele>65.5</ele></trkpt>
   <trkpt lon="-0.115417" lat="51.337507"><ele>65.25</ele></trkpt>
   <trkpt lon="-0.115543" lat="51.337422"><ele>65.0</ele></trkpt>
   <trkpt lon="-0.115641" lat="51.337385"><ele>65.0</ele></trkpt>
   <trkpt lon="-0.115718" lat="51.337368"><ele>65.0</ele></trkpt>
   <trkpt lon="-0.115782" lat="51.337364"><ele>65.0</ele></trkpt>
   <trkpt lon="-0.115839" lat="51.337370"><ele>65.0</ele></trkpt>
   <trkpt lon="-0.115890" lat="51.337385"><ele>65.0</ele></trkpt>
   <trkpt lon="-0.116115" lat="51.337476"><ele>65.0</ele></trkpt>
   <trkpt lon="-0.116245" lat="51.337515"><ele>64.75</ele></trkpt>
   <trkpt lon="-0.116295" lat="51.337529"><ele>64.75</ele></trkpt>
   <trkpt lon="-0.116366" lat="51.337553"><ele>64.75</ele></trkpt>
   <trkpt lon="-0.116475" lat="51.337577"><ele>64.5</ele></trkpt>
   <trkpt lon="-0.116561" lat="51.337564"><ele>64.5</ele></trkpt>
   <trkpt lon="-0.116658" lat="51.337567"><ele>64.5</ele></trkpt>
   <trkpt lon="-0.117168" lat="51.337676"><ele>63.75</ele></trkpt>
   <trkpt lon="-0.117593" lat="51.337635"><ele>64.5</ele></trkpt>
   <trkpt lon="-0.117690" lat="51.337603"><ele>64.25</ele></trkpt>
   <trkpt lon="-0.117836" lat="51.337499"><ele>64.0</ele></trkpt>
   <trkpt lon="-0.118171" lat="51.337167"><ele>65.0</ele></trkpt>
   <trkpt lon="-0.118368" lat="51.336983"><ele>65.0</ele></trkpt>
   <trkpt lon="-0.118626" lat="51.336758"><ele>65.0</ele></trkpt>
   <trkpt lon="-0.118988" lat="51.336423"><ele>65.0</ele></trkpt>
   <trkpt lon="-0.119160" lat="51.336264"><ele>65.25</ele></trkpt>
   <trkpt lon="-0.119374" lat="51.336071"><ele>65.25</ele></trkpt>
   <trkpt lon="-0.119538" lat="51.336000"><ele>65.5</ele></trkpt>
   <trkpt lon="-0.120082" lat="51.335509"><ele>66.0</ele></trkpt>
   <trkpt lon="-0.120747" lat="51.334940"><ele>66.25</ele></trkpt>
   <trkpt lon="-0.121866" lat="51.334032"><ele>66.75</ele></trkpt>
   <trkpt lon="-0.122216" lat="51.333746"><ele>67.0</ele></trkpt>
   <trkpt lon="-0.122474" lat="51.333529"><ele>67.0</ele></trkpt>
   <trkpt lon="-0.123014" lat="51.333110"><ele>67.5</ele></trkpt>
   <trkpt lon="-0.123190" lat="51.332965"><ele>67.5</ele></trkpt>
   <trkpt lon="-0.123318" lat="51.332864"><ele>67.5</ele></trkpt>
   <trkpt lon="-0.123856" lat="51.332397"><ele>68.0</ele></trkpt>
   <trkpt lon="-0.123908" lat="51.332362"><ele>67.75</ele></trkpt>
   <trkpt lon="-0.123980" lat="51.332292"><ele>67.75</ele></trkpt>
   <trkpt lon="-0.124560" lat="51.331788"><ele>68.75</ele></trkpt>
   <trkpt lon="-0.124598" lat="51.331757"><ele>68.75</ele></trkpt>
   <trkpt lon="-0.124611" lat="51.331746"><ele>68.75</ele></trkpt>
   <trkpt lon="-0.124706" lat="51.331658"><ele>69.0</ele></trkpt>
   <trkpt lon="-0.124783" lat="51.331577"><ele>69.0</ele></trkpt>
   <trkpt lon="-0.124829" lat="51.331530"><ele>69.0</ele></trkpt>
   <trkpt lon="-0.124904" lat="51.331447"><ele>69.0</ele></trkpt>
   <trkpt lon="-0.124933" lat="51.331413"><ele>69.0</ele></trkpt>
   <trkpt lon="-0.124967" lat="51.331371"><ele>69.0</ele></trkpt>
   <trkpt lon="-0.124985" lat="51.331350"><ele>69.0</ele></trkpt>
   <trkpt lon="-0.125484" lat="51.330699"><ele>69.0</ele></trkpt>
   <trkpt lon="-0.125686" lat="51.330439"><ele>69.0</ele></trkpt>
   <trkpt lon="-0.125742" lat="51.330367"><ele>69.25</ele></trkpt>
   <trkpt lon="-0.126632" lat="51.329356"><ele>69.75</ele></trkpt>
   <trkpt lon="-0.126787" lat="51.329185"><ele>70.0</ele></trkpt>
   <trkpt lon="-0.126802" lat="51.329168"><ele>70.0</ele></trkpt>
   <trkpt lon="-0.127031" lat="51.328905"><ele>70.25</ele></trkpt>
   <trkpt lon="-0.127621" lat="51.328310"><ele>71.0</ele></trkpt>
   <trkpt lon="-0.128291" lat="51.327745"><ele>71.0</ele></trkpt>
   <trkpt lon="-0.128731" lat="51.327480"><ele>71.25</ele></trkpt>
   <trkpt lon="-0.128963" lat="51.327346"><ele>72.0</ele></trkpt>
   <trkpt lon="-0.129371" lat="51.327104"><ele>72.0</ele></trkpt>
   <trkpt lon="-0.129763" lat="51.326871"><ele>72.0</ele></trkpt>
   <trkpt lon="-0.129932" lat="51.326787"><ele>72.0</ele></trkpt>
   <trkpt lon="-0.130419" lat="51.326508"><ele>72.0</ele></trkpt>
   <trkpt lon="-0.130492" lat="51.326459"><ele>72.0</ele></trkpt>
   <trkpt lon="-0.130987" lat="51.326126"><ele>72.25</ele></trkpt>
   <trkpt lon="-0.132236" lat="51.325289"><ele>73.0</ele></trkpt>
   <trkpt lon="-0.132379" lat="51.325193"><ele>73.0</ele></trkpt>
   <trkpt lon="-0.133388" lat="51.324469"><ele>73.25</ele></trkpt>
   <trkpt lon="-0.134467" lat="51.323662"><ele>74.0</ele></trkpt>
   <trkpt lon="-0.134641" lat="51.323517"><ele>74.0</ele></trkpt>
   <trkpt lon="-0.134767" lat="51.323402"><ele>74.0</ele></trkpt>
   <trkpt lon="-0.134742" lat="51.323316"><ele>74.0</ele></trkpt>
   <trkpt lon="-0.134788" lat="51.323186"><ele>74.0</ele></trkpt>
   <trkpt lon="-0.134797" lat="51.323141"><ele>74.0</ele></trkpt>
   <trkpt lon="-0.134798" lat="51.323090"><ele>74.0</ele></trkpt>
   <trkpt lon="-0.134863" lat="51.323093"><ele>74.0</ele></trkpt>
   <trkpt lon="-0.134894" lat="51.323093"><ele>74.0</ele></trkpt>
   <trkpt lon="-0.134929" lat="51.323095"><ele>74.0</ele></trkpt>
   <trkpt lon="-0.134976" lat="51.323096"><ele>74.0</ele></trkpt>
   <trkpt lon="-0.135050" lat="51.323057"><ele>74.0</ele></trkpt>
   <trkpt lon="-0.135052" lat="51.323040"><ele>74.0</ele></trkpt>
   <trkpt lon="-0.135055" lat="51.323004"><ele>74.0</ele></trkpt>
   <trkpt lon="-0.135055" lat="51.322949"><ele>74.0</ele></trkpt>
   <trkpt lon="-0.135056" lat="51.322921"><ele>74.0</ele></trkpt>
   <trkpt lon="-0.135123" lat="51.322907"><ele>74.25</ele></trkpt>
   <trkpt lon="-0.135138" lat="51.322884"><ele>74.25</ele></trkpt>
   <trkpt lon="-0.135163" lat="51.322851"><ele>74.5</ele></trkpt>
   <trkpt lon="-0.135110" lat="51.322827"><ele>74.25</ele></trkpt>
   <trkpt lon="-0.135059" lat="51.322791"><ele>74.0</ele></trkpt>
   <trkpt lon="-0.135002" lat="51.322719"><ele>74.0</ele></trkpt>
   <trkpt lon="-0.134975" lat="51.322270"><ele>74.0</ele></trkpt>
   <trkpt lon="-0.134933" lat="51.322103"><ele>75.0</ele></trkpt>
   <trkpt lon="-0.134897" lat="51.321300"><ele>77.5</ele></trkpt>
   <trkpt lon="-0.134905" lat="51.321139"><ele>79.0</ele></trkpt>
   <trkpt lon="-0.134949" lat="51.320851"><ele>78.0</ele></trkpt>
   <trkpt lon="-0.135060" lat="51.320564"><ele>80.25</ele></trkpt>
   <trkpt lon="-0.135157" lat="51.320373"><ele>82.0</ele></trkpt>
   <trkpt lon="-0.135261" lat="51.320223"><ele>82.0</ele></trkpt>
   <trkpt lon="-0.135530" lat="51.319933"><ele>84.5</ele></trkpt>
   <trkpt lon="-0.135962" lat="51.319527"><ele>85.75</ele></trkpt>
   <trkpt lon="-0.136011" lat="51.319504"><ele>85.75</ele></trkpt>
   <trkpt lon="-0.136107" lat="51.319493"><ele>86.0</ele></trkpt>
   <trkpt lon="-0.136171" lat="51.319427"><ele>86.0</ele></trkpt>
   <trkpt lon="-0.136222" lat="51.319378"><ele>86.0</ele></trkpt>
   <trkpt lon="-0.136197" lat="51.319358"><ele>86.0</ele></trkpt>
   <trkpt lon="-0.136194" lat="51.319323"><ele>86.0</ele></trkpt>
   <trkpt lon="-0.136209" lat="51.319286"><ele>86.0</ele></trkpt>
   <trkpt lon="-0.136553" lat="51.318944"><ele>86.0</ele></trkpt>
   <trkpt lon="-0.137137" lat="51.318504"><ele>85.5</ele></trkpt>
   <trkpt lon="-0.137323" lat="51.318307"><ele>85.25</ele></trkpt>
   <trkpt lon="-0.137919" lat="51.317724"><ele>84.25</ele></trkpt>
   <trkpt lon="-0.137987" lat="51.317647"><ele>83.75</ele></trkpt>
   <trkpt lon="-0.138088" lat="51.317589"><ele>83.0</ele></trkpt>
   <trkpt lon="-0.138198" lat="51.317548"><ele>82.25</ele></trkpt>
   <trkpt lon="-0.138186" lat="51.317531"><ele>82.0</ele></trkpt>
   <trkpt lon="-0.138155" lat="51.317486"><ele>81.5</ele></trkpt>
   <trkpt lon="-0.138135" lat="51.317458"><ele>81.25</ele></trkpt>
   <trkpt lon="-0.138120" lat="51.317428"><ele>81.25</ele></trkpt>
   <trkpt lon="-0.138178" lat="51.317374"><ele>81.0</ele></trkpt>
   <trkpt lon="-0.138186" lat="51.317324"><ele>80.75</ele></trkpt>
   <trkpt lon="-0.138163" lat="51.317290"><ele>80.5</ele></trkpt>
   <trkpt lon="-0.138110" lat="51.317244"><ele>80.25</ele></trkpt>
   <trkpt lon="-0.137990" lat="51.317144"><ele>81.0</ele></trkpt>
   <trkpt lon="-0.137946" lat="51.317104"><ele>81.5</ele></trkpt>
   <trkpt lon="-0.138004" lat="51.317043"><ele>80.75</ele></trkpt>
   <trkpt lon="-0.137980" lat="51.317025"><ele>81.0</ele></trkpt>
   <trkpt lon="-0.137918" lat="51.316978"><ele>81.0</ele></trkpt>
   <trkpt lon="-0.137467" lat="51.316637"><ele>81.0</ele></trkpt>
   <trkpt lon="-0.136829" lat="51.316391"><ele>81.75</ele></trkpt>
   <trkpt lon="-0.136667" lat="51.316308"><ele>84.0</ele></trkpt>
   <trkpt lon="-0.136597" lat="51.316260"><ele>84.5</ele></trkpt>
   <trkpt lon="-0.136065" lat="51.315676"><ele>88.5</ele></trkpt>
   <trkpt lon="-0.136036" lat="51.315644"><ele>88.75</ele></trkpt>
   <trkpt lon="-0.135977" lat="51.315573"><ele>89.75</ele></trkpt>
   <trkpt lon="-0.135809" lat="51.315311"><ele>91.25</ele></trkpt>
   <trkpt lon="-0.135858" lat="51.315252"><ele>92.25</ele></trkpt>
   <trkpt lon="-0.135884" lat="51.315195"><ele>92.75</ele></trkpt>
   <trkpt lon="-0.135941" lat="51.314868"><ele>94.75</ele></trkpt>
   <trkpt lon="-0.135967" lat="51.314516"><ele>96.75</ele></trkpt>
   <trkpt lon="-0.135937" lat="51.314449"><ele>97.25</ele></trkpt>
   <trkpt lon="-0.135934" lat="51.314332"><ele>97.75</ele></trkpt>
   <trkpt lon="-0.135930" lat="51.314203"><ele>98.0</ele></trkpt>
   <trkpt lon="-0.136054" lat="51.313636"><ele>101.25</ele></trkpt>
   <trkpt lon="-0.136078" lat="51.313572"><ele>101.75</ele></trkpt>
   <trkpt lon="-0.136153" lat="51.313248"><ele>104.5</ele></trkpt>
   <trkpt lon="-0.136188" lat="51.312750"><ele>108.25</ele></trkpt>
   <trkpt lon="-0.136269" lat="51.312179"><ele>113.25</ele></trkpt>
   <trkpt lon="-0.136376" lat="51.311605"><ele>118.25</ele></trkpt>
   <trkpt lon="-0.136492" lat="51.310553"><ele>125.75</ele></trkpt>
   <trkpt lon="-0.136485" lat="51.309645"><ele>132.5</ele></trkpt>
   <trkpt lon="-0.136467" lat="51.309098"><ele>136.0</ele></trkpt>
   <trkpt lon="-0.136400" lat="51.307269"><ele>145.5</ele></trkpt>
   <trkpt lon="-0.136329" lat="51.306975"><ele>145.75</ele></trkpt>
   <trkpt lon="-0.136093" lat="51.305996"><ele>145.75</ele></trkpt>
   <trkpt lon="-0.135931" lat="51.305372"><ele>144.5</ele></trkpt>
   <trkpt lon="-0.135807" lat="51.304850"><ele>144.75</ele></trkpt>
   <trkpt lon="-0.135506" lat="51.302972"><ele>147.75</ele></trkpt>
   <trkpt lon="-0.135394" lat="51.302375"><ele>148.0</ele></trkpt>
   <trkpt lon="-0.135277" lat="51.301928"><ele>147.75</ele></trkpt>
   <trkpt lon="-0.135057" lat="51.301085"><ele>147.0</ele></trkpt>
   <trkpt lon="-0.135026" lat="51.300966"><ele>147.0</ele></trkpt>
   <trkpt lon="-0.134994" lat="51.300843"><ele>146.75</ele></trkpt>
   <trkpt lon="-0.134784" lat="51.300065"><ele>145.75</ele></trkpt>
   <trkpt lon="-0.134671" lat="51.299665"><ele>146.0</ele></trkpt>
   <trkpt lon="-0.134487" lat="51.298927"><ele>146.75</ele></trkpt>
   <trkpt lon="-0.134460" lat="51.298850"><ele>147.0</ele></trkpt>
   <trkpt lon="-0.134382" lat="51.298562"><ele>148.0</ele></trkpt>
   <trkpt lon="-0.134373" lat="51.298538"><ele>148.25</ele></trkpt>
   <trkpt lon="-0.134365" lat="51.298522"><ele>148.25</ele></trkpt>
   <trkpt lon="-0.134326" lat="51.298441"><ele>148.5</ele></trkpt>
   <trkpt lon="-0.134182" lat="51.298275"><ele>149.0</ele></trkpt>
   <trkpt lon="-0.133747" lat="51.297819"><ele>150.25</ele></trkpt>
   <trkpt lon="-0.133586" lat="51.297649"><ele>150.75</ele></trkpt>
   <trkpt lon="-0.132995" lat="51.297075"><ele>152.5</ele></trkpt>
   <trkpt lon="-0.132066" lat="51.296134"><ele>154.5</ele></trkpt>
   <trkpt lon="-0.131328" lat="51.295790"><ele>153.75</ele></trkpt>
   <trkpt lon="-0.130966" lat="51.295426"><ele>154.0</ele></trkpt>
   <trkpt lon="-0.130931" lat="51.295329"><ele>154.75</ele></trkpt>
   <trkpt lon="-0.130963" lat="51.295254"><ele>155.5</ele></trkpt>
   <trkpt lon="-0.131224" lat="51.295076"><ele>157.0</ele></trkpt>
   <trkpt lon="-0.131356" lat="51.294900"><ele>158.0</ele></trkpt>
   <trkpt lon="-0.131357" lat="51.294706"><ele>158.75</ele></trkpt>
   <trkpt lon="-0.131255" lat="51.294480"><ele>158.75</ele></trkpt>
   <trkpt lon="-0.130997" lat="51.294111"><ele>160.0</ele></trkpt>
   <trkpt lon="-0.130920" lat="51.294000"><ele>160.0</ele></trkpt>
   <trkpt lon="-0.130482" lat="51.293201"><ele>161.0</ele></trkpt>
   <trkpt lon="-0.130297" lat="51.292938"><ele>161.0</ele></trkpt>
   <trkpt lon="-0.129964" lat="51.292652"><ele>161.0</ele></trkpt>
   <trkpt lon="-0.129340" lat="51.292186"><ele>161.25</ele></trkpt>
   <trkpt lon="-0.128884" lat="51.291879"><ele>161.75</ele></trkpt>
   <trkpt lon="-0.128500" lat="51.291591"><ele>162.25</ele></trkpt>
   <trkpt lon="-0.127574" lat="51.290899"><ele>162.0</ele></trkpt>
   <trkpt lon="-0.126367" lat="51.289768"><ele>160.25</ele></trkpt>
   <trkpt lon="-0.126023" lat="51.289322"><ele>158.25</ele></trkpt>
   <trkpt lon="-0.125955" lat="51.288700"><ele>150.75</ele></trkpt>
   <trkpt lon="-0.125943" lat="51.288471"><ele>149.75</ele></trkpt>
   <trkpt lon="-0.125909" lat="51.288403"><ele>149.25</ele></trkpt>
   <trkpt lon="-0.125387" lat="51.287893"><ele>149.5</ele></trkpt>
   <trkpt lon="-0.124321" lat="51.286889"><ele>152.25</ele></trkpt>
   <trkpt lon="-0.124152" lat="51.286590"><ele>153.5</ele></trkpt>
   <trkpt lon="-0.124043" lat="51.286009"><ele>158.25</ele></trkpt>
   <trkpt lon="-0.123953" lat="51.285790"><ele>159.0</ele></trkpt>
   <trkpt lon="-0.123873" lat="51.285493"><ele>160.25</ele></trkpt>
   <trkpt lon="-0.123400" lat="51.284818"><ele>160.25</ele></trkpt>
   <trkpt lon="-0.123326" lat="51.284597"><ele>160.75</ele></trkpt>
   <trkpt lon="-0.122845" lat="51.284167"><ele>160.75</ele></trkpt>
   <trkpt lon="-0.122684" lat="51.284067"><ele>161.25</ele></trkpt>
   <trkpt lon="-0.122556" lat="51.283772"><ele>162.75</ele></trkpt>
   <trkpt lon="-0.122538" lat="51.283637"><ele>163.75</ele></trkpt>
   <trkpt lon="-0.122504" lat="51.283375"><ele>165.5</ele></trkpt>
   <trkpt lon="-0.122480" lat="51.283317"><ele>166.0</ele></trkpt>
   <trkpt lon="-0.122135" lat="51.282505"><ele>169.75</ele></trkpt>
   <trkpt lon="-0.121051" lat="51.281172"><ele>175.5</ele></trkpt>
   <trkpt lon="-0.120539" lat="51.280556"><ele>177.0</ele></trkpt>
   <trkpt lon="-0.120405" lat="51.280100"><ele>179.25</ele></trkpt>
   <trkpt lon="-0.120393" lat="51.280057"><ele>179.25</ele></trkpt>
   <trkpt lon="-0.120461" lat="51.278583"><ele>185.0</ele></trkpt>
   <trkpt lon="-0.120476" lat="51.278531"><ele>185.25</ele></trkpt>
   <trkpt lon="-0.120491" lat="51.278368"><ele>185.75</ele></trkpt>
   <trkpt lon="-0.120498" lat="51.278197"><ele>186.0</ele></trkpt>
   <trkpt lon="-0.120497" lat="51.278058"><ele>186.0</ele></trkpt>
   <trkpt lon="-0.120507" lat="51.277881"><ele>186.75</ele></trkpt>
   <trkpt lon="-0.120515" lat="51.277769"><ele>187.0</ele></trkpt>
   <trkpt lon="-0.120567" lat="51.277029"><ele>189.5</ele></trkpt>
   <trkpt lon="-0.120726" lat="51.275915"><ele>192.25</ele></trkpt>
   <trkpt lon="-0.120751" lat="51.275745"><ele>192.5</ele></trkpt>
   <trkpt lon="-0.120771" lat="51.275603"><ele>192.75</ele></trkpt>
   <trkpt lon="-0.120803" lat="51.275379"><ele>193.5</ele></trkpt>
   <trkpt lon="-0.120914" lat="51.275182"><ele>194.0</ele></trkpt>
   <trkpt lon="-0.120944" lat="51.275099"><ele>194.25</ele></trkpt>
   <trkpt lon="-0.120988" lat="51.274894"><ele>194.5</ele></trkpt>
   <trkpt lon="-0.121213" lat="51.274180"><ele>197.5</ele></trkpt>
   <trkpt lon="-0.121255" lat="51.273762"><ele>199.75</ele></trkpt>
   <trkpt lon="-0.121308" lat="51.273539"><ele>201.25</ele></trkpt>
   <trkpt lon="-0.121341" lat="51.273400"><ele>202.25</ele></trkpt>
   <trkpt lon="-0.121369" lat="51.273280"><ele>203.0</ele></trkpt>
   <trkpt lon="-0.121428" lat="51.272986"><ele>204.0</ele></trkpt>
   <trkpt lon="-0.121478" lat="51.272827"><ele>204.5</ele></trkpt>
   <trkpt lon="-0.121538" lat="51.272748"><ele>204.25</ele></trkpt>
   <trkpt lon="-0.121602" lat="51.272669"><ele>204.0</ele></trkpt>
   <trkpt lon="-0.121633" lat="51.272564"><ele>204.0</ele></trkpt>
   <trkpt lon="-0.121653" lat="51.272405"><ele>202.75</ele></trkpt>
   <trkpt lon="-0.121692" lat="51.272298"><ele>201.75</ele></trkpt>
   <trkpt lon="-0.121847" lat="51.272057"><ele>198.75</ele></trkpt>
   <trkpt lon="-0.121903" lat="51.272019"><ele>198.0</ele></trkpt>
   <trkpt lon="-0.122140" lat="51.271940"><ele>196.0</ele></trkpt>
   <trkpt lon="-0.122199" lat="51.271889"><ele>194.75</ele></trkpt>
   <trkpt lon="-0.122221" lat="51.271833"><ele>193.5</ele></trkpt>
   <trkpt lon="-0.122213" lat="51.271784"><ele>192.5</ele></trkpt>
   <trkpt lon="-0.122190" lat="51.271749"><ele>191.5</ele></trkpt>
   <trkpt lon="-0.122159" lat="51.271720"><ele>191.0</ele></trkpt>
   <trkpt lon="-0.121689" lat="51.271493"><ele>187.5</ele></trkpt>
   <trkpt lon="-0.121303" lat="51.271047"><ele>182.25</ele></trkpt>
   <trkpt lon="-0.121182" lat="51.270660"><ele>179.0</ele></trkpt>
   <trkpt lon="-0.121171" lat="51.269916"><ele>171.0</ele></trkpt>
   <trkpt lon="-0.121080" lat="51.269483"><ele>165.0</ele></trkpt>
   <trkpt lon="-0.120782" lat="51.268779"><ele>156.0</ele></trkpt>
   <trkpt lon="-0.120457" lat="51.268471"><ele>151.75</ele></trkpt>
   <trkpt lon="-0.120078" lat="51.268239"><ele>148.75</ele></trkpt>
   <trkpt lon="-0.119730" lat="51.268100"><ele>148.0</ele></trkpt>
   <trkpt lon="-0.119183" lat="51.267973"><ele>148.0</ele></trkpt>
   <trkpt lon="-0.118996" lat="51.267854"><ele>146.5</ele></trkpt>
   <trkpt lon="-0.118933" lat="51.267692"><ele>144.0</ele></trkpt>
   <trkpt lon="-0.119100" lat="51.266919"><ele>141.75</ele></trkpt>
   <trkpt lon="-0.119463" lat="51.266350"><ele>141.0</ele></trkpt>
   <trkpt lon="-0.119526" lat="51.266240"><ele>141.5</ele></trkpt>
   <trkpt lon="-0.119677" lat="51.265977"><ele>140.75</ele></trkpt>
   <trkpt lon="-0.119954" lat="51.265369"><ele>137.5</ele></trkpt>
   <trkpt lon="-0.120287" lat="51.264862"><ele>130.5</ele></trkpt>
   <trkpt lon="-0.120327" lat="51.264818"><ele>129.5</ele></trkpt>
   <trkpt lon="-0.120798" lat="51.264212"><ele>120.0</ele></trkpt>
   <trkpt lon="-0.121102" lat="51.263819"><ele>115.75</ele></trkpt>
   <trkpt lon="-0.121340" lat="51.263527"><ele>113.0</ele></trkpt>
   <trkpt lon="-0.121609" lat="51.263165"><ele>107.0</ele></trkpt>
   <trkpt lon="-0.122313" lat="51.262226"><ele>110.25</ele></trkpt>
   <trkpt lon="-0.122517" lat="51.261875"><ele>114.75</ele></trkpt>
   <trkpt lon="-0.122738" lat="51.261501"><ele>113.5</ele></trkpt>
   <trkpt lon="-0.122786" lat="51.261300"><ele>112.25</ele></trkpt>
   <trkpt lon="-0.122800" lat="51.261102"><ele>110.75</ele></trkpt>
   <trkpt lon="-0.122786" lat="51.260573"><ele>105.0</ele></trkpt>
   <trkpt lon="-0.122757" lat="51.260410"><ele>103.75</ele></trkpt>
   <trkpt lon="-0.122704" lat="51.259783"><ele>99.25</ele></trkpt>
   <trkpt lon="-0.122797" lat="51.259639"><ele>98.5</ele></trkpt>
   <trkpt lon="-0.122876" lat="51.259558"><ele>98.25</ele></trkpt>
   <trkpt lon="-0.123120" lat="51.259328"><ele>96.25</ele></trkpt>
   <trkpt lon="-0.123676" lat="51.258679"><ele>93.25</ele></trkpt>
   <trkpt lon="-0.123688" lat="51.258665"><ele>93.0</ele></trkpt>
   <trkpt lon="-0.123717" lat="51.258475"><ele>92.5</ele></trkpt>
   <trkpt lon="-0.123652" lat="51.258237"><ele>92.5</ele></trkpt>
   <trkpt lon="-0.123862" lat="51.258067"><ele>92.0</ele></trkpt>
   <trkpt lon="-0.123938" lat="51.257919"><ele>92.5</ele></trkpt>
   <trkpt lon="-0.124348" lat="51.257941"><ele>93.0</ele></trkpt>
   <trkpt lon="-0.124724" lat="51.257942"><ele>93.25</ele></trkpt>
   <trkpt lon="-0.124959" lat="51.257919"><ele>97.25</ele></trkpt>
   <trkpt lon="-0.125770" lat="51.257796"><ele>93.5</ele></trkpt>
   <trkpt lon="-0.125900" lat="51.257774"><ele>92.0</ele></trkpt>
   <trkpt lon="-0.126167" lat="51.257750"><ele>92.0</ele></trkpt>
   <trkpt lon="-0.126402" lat="51.257731"><ele>92.0</ele></trkpt>
   <trkpt lon="-0.126563" lat="51.257727"><ele>92.5</ele></trkpt>
   <trkpt lon="-0.127483" lat="51.257825"><ele>94.0</ele></trkpt>
   <trkpt lon="-0.128319" lat="51.257929"><ele>97.5</ele></trkpt>
   <trkpt lon="-0.129537" lat="51.257973"><ele>99.5</ele></trkpt>
   <trkpt lon="-0.130506" lat="51.257921"><ele>99.25</ele></trkpt>
   <trkpt lon="-0.130513" lat="51.257864"><ele>99.25</ele></trkpt>
   <trkpt lon="-0.130967" lat="51.257079"><ele>94.25</ele></trkpt>
   <trkpt lon="-0.131299" lat="51.256763"><ele>92.0</ele></trkpt>
   <trkpt lon="-0.131599" lat="51.256457"><ele>89.5</ele></trkpt>
   <trkpt lon="-0.131922" lat="51.255608"><ele>86.0</ele></trkpt>
   <trkpt lon="-0.132346" lat="51.254974"><ele>85.0</ele></trkpt>
   <trkpt lon="-0.132475" lat="51.254714"><ele>84.75</ele></trkpt>
   <trkpt lon="-0.132506" lat="51.254654"><ele>84.5</ele></trkpt>
   <trkpt lon="-0.132723" lat="51.254585"><ele>83.5</ele></trkpt>
   <trkpt lon="-0.133152" lat="51.254591"><ele>83.25</ele></trkpt>
   <trkpt lon="-0.133759" lat="51.254633"><ele>83.25</ele></trkpt>
   <trkpt lon="-0.133998" lat="51.254567"><ele>83.0</ele></trkpt>
   <trkpt lon="-0.134307" lat="51.254454"><ele>83.0</ele></trkpt>
   <trkpt lon="-0.134510" lat="51.254097"><ele>83.0</ele></trkpt>
   <trkpt lon="-0.134721" lat="51.253641"><ele>83.0</ele></trkpt>
   <trkpt lon="-0.135479" lat="51.252122"><ele>83.5</ele></trkpt>
   <trkpt lon="-0.135486" lat="51.252107"><ele>83.5</ele></trkpt>
   <trkpt lon="-0.135478" lat="51.252074"><ele>83.5</ele></trkpt>
   <trkpt lon="-0.135445" lat="51.251935"><ele>84.0</ele></trkpt>
   <trkpt lon="-0.135466" lat="51.251858"><ele>84.0</ele></trkpt>
   <trkpt lon="-0.135432" lat="51.251407"><ele>83.75</ele></trkpt>
   <trkpt lon="-0.135422" lat="51.251146"><ele>84.0</ele></trkpt>
   <trkpt lon="-0.135413" lat="51.250896"><ele>84.0</ele></trkpt>
   <trkpt lon="-0.135351" lat="51.250609"><ele>84.0</ele></trkpt>
   <trkpt lon="-0.135319" lat="51.250449"><ele>84.0</ele></trkpt>
   <trkpt lon="-0.135313" lat="51.250352"><ele>84.0</ele></trkpt>
   <trkpt lon="-0.135377" lat="51.250066"><ele>84.0</ele></trkpt>
   <trkpt lon="-0.135417" lat="51.249889"><ele>83.5</ele></trkpt>
   <trkpt lon="-0.135480" lat="51.249641"><ele>83.0</ele></trkpt>
   <trkpt lon="-0.135512" lat="51.249419"><ele>83.0</ele></trkpt>
   <trkpt lon="-0.135521" lat="51.249395"><ele>83.0</ele></trkpt>
   <trkpt lon="-0.135536" lat="51.249296"><ele>83.0</ele></trkpt>
   <trkpt lon="-0.135525" lat="51.249188"><ele>83.0</ele></trkpt>
   <trkpt lon="-0.135343" lat="51.248875"><ele>83.75</ele></trkpt>
   <trkpt lon="-0.134936" lat="51.248408"><ele>84.5</ele></trkpt>
   <trkpt lon="-0.134857" lat="51.248265"><ele>85.0</ele></trkpt>
   <trkpt lon="-0.134819" lat="51.248147"><ele>85.0</ele></trkpt>
   <trkpt lon="-0.134653" lat="51.248094"><ele>85.0</ele></trkpt>
   <trkpt lon="-0.134734" lat="51.247966"><ele>85.0</ele></trkpt>
   <trkpt lon="-0.134773" lat="51.247907"><ele>85.0</ele></trkpt>
   <trkpt lon="-0.134816" lat="51.247872"><ele>85.0</ele></trkpt>
   <trkpt lon="-0.134899" lat="51.247826"><ele>85.0</ele></trkpt>
   <trkpt lon="-0.135101" lat="51.247748"><ele>85.0</ele></trkpt>
   <trkpt lon="-0.135325" lat="51.247679"><ele>85.0</ele></trkpt>
   <trkpt lon="-0.135492" lat="51.247638"><ele>84.5</ele></trkpt>
   <trkpt lon="-0.135725" lat="51.247707"><ele>84.25</ele></trkpt>
   <trkpt lon="-0.135785" lat="51.247717"><ele>84.0</ele></trkpt>
   <trkpt lon="-0.135942" lat="51.247694"><ele>84.25</ele></trkpt>
   <trkpt lon="-0.136085" lat="51.247640"><ele>84.25</ele></trkpt>
   <trkpt lon="-0.136260" lat="51.247589"><ele>84.25</ele></trkpt>
   <trkpt lon="-0.137028" lat="51.247478"><ele>83.5</ele></trkpt>
   <trkpt lon="-0.137379" lat="51.247484"><ele>83.0</ele></trkpt>
   <trkpt lon="-0.137743" lat="51.247430"><ele>83.25</ele></trkpt>
   <trkpt lon="-0.138048" lat="51.247371"><ele>83.0</ele></trkpt>
   <trkpt lon="-0.138513" lat="51.247247"><ele>83.0</ele></trkpt>
   <trkpt lon="-0.138779" lat="51.247211"><ele>83.0</ele></trkpt>
   <trkpt lon="-0.139107" lat="51.247147"><ele>83.0</ele></trkpt>
   <trkpt lon="-0.139806" lat="51.247025"><ele>82.0</ele></trkpt>
   <trkpt lon="-0.140482" lat="51.246861"><ele>81.25</ele></trkpt>
   <trkpt lon="-0.141045" lat="51.246758"><ele>81.0</ele></trkpt>
   <trkpt lon="-0.141187" lat="51.246640"><ele>81.0</ele></trkpt>
   <trkpt lon="-0.141262" lat="51.246551"><ele>81.0</ele></trkpt>
   <trkpt lon="-0.141367" lat="51.246368"><ele>81.0</ele></trkpt>
   <trkpt lon="-0.141521" lat="51.246209"><ele>81.5</ele></trkpt>
   <trkpt lon="-0.141882" lat="51.246037"><ele>81.5</ele></trkpt>
   <trkpt lon="-0.142334" lat="51.245883"><ele>82.25</ele></trkpt>
   <trkpt lon="-0.142803" lat="51.245700"><ele>81.75</ele></trkpt>
   <trkpt lon="-0.142884" lat="51.245668"><ele>81.5</ele></trkpt>
   <trkpt lon="-0.143076" lat="51.245567"><ele>81.0</ele></trkpt>
   <trkpt lon="-0.143272" lat="51.245484"><ele>81.25</ele></trkpt>
   <trkpt lon="-0.143445" lat="51.245430"><ele>81.25</ele></trkpt>
   <trkpt lon="-0.143650" lat="51.245366"><ele>81.5</ele></trkpt>
   <trkpt lon="-0.143773" lat="51.245328"><ele>81.75</ele></trkpt>
   <trkpt lon="-0.144122" lat="51.245259"><ele>82.0</ele></trkpt>
   <trkpt lon="-0.143942" lat="51.245672"><ele>80.75</ele></trkpt>
   <trkpt lon="-0.144045" lat="51.245971"><ele>80.25</ele></trkpt>
   <trkpt lon="-0.144312" lat="51.246186"><ele>80.0</ele></trkpt>
   <trkpt lon="-0.144347" lat="51.246188"><ele>80.0</ele></trkpt>
   <trkpt lon="-0.144369" lat="51.246189"><ele>80.0</ele></trkpt>
   <trkpt lon="-0.144574" lat="51.246198"><ele>79.75</ele></trkpt>
   <trkpt lon="-0.144657" lat="51.246259"><ele>79.5</ele></trkpt>
   <trkpt lon="-0.144931" lat="51.246668"><ele>79.0</ele></trkpt>
   <trkpt lon="-0.145199" lat="51.247000"><ele>78.75</ele></trkpt>
   <trkpt lon="-0.145271" lat="51.247157"><ele>78.0</ele></trkpt>
   <trkpt lon="-0.145323" lat="51.247199"><ele>78.0</ele></trkpt>
   <trkpt lon="-0.145622" lat="51.247182"><ele>78.0</ele></trkpt>
   <trkpt lon="-0.146079" lat="51.247102"><ele>78.25</ele></trkpt>
   <trkpt lon="-0.146245" lat="51.247118"><ele>78.5</ele></trkpt>
   <trkpt lon="-0.146695" lat="51.247227"><ele>77.0</ele></trkpt>
   <trkpt lon="-0.146839" lat="51.247227"><ele>77.0</ele></trkpt>
   <trkpt lon="-0.147798" lat="51.246993"><ele>77.0</ele></trkpt>
   <trkpt lon="-0.148399" lat="51.246842"><ele>77.25</ele></trkpt>
   <trkpt lon="-0.148735" lat="51.246721"><ele>77.0</ele></trkpt>
   <trkpt lon="-0.149903" lat="51.246222"><ele>77.0</ele></trkpt>
   <trkpt lon="-0.150725" lat="51.245849"><ele>77.0</ele></trkpt>
   <trkpt lon="-0.150776" lat="51.245780"><ele>77.0</ele></trkpt>
   <trkpt lon="-0.150840" lat="51.245727"><ele>77.0</ele></trkpt>
   <trkpt lon="-0.150912" lat="51.245648"><ele>77.0</ele></trkpt>
   <trkpt lon="-0.151055" lat="51.245553"><ele>77.0</ele></trkpt>
   <trkpt lon="-0.151199" lat="51.245497"><ele>77.25</ele></trkpt>
   <trkpt lon="-0.152227" lat="51.245293"><ele>77.0</ele></trkpt>
   <trkpt lon="-0.152623" lat="51.245179"><ele>78.75</ele></trkpt>
   <trkpt lon="-0.153001" lat="51.245085"><ele>77.75</ele></trkpt>
   <trkpt lon="-0.153492" lat="51.244926"><ele>77.75</ele></trkpt>
   <trkpt lon="-0.154358" lat="51.244616"><ele>77.75</ele></trkpt>
   <trkpt lon="-0.154581" lat="51.244526"><ele>77.5</ele></trkpt>
   <trkpt lon="-0.154845" lat="51.244367"><ele>77.0</ele></trkpt>
   <trkpt lon="-0.154883" lat="51.244325"><ele>76.75</ele></trkpt>
   <trkpt lon="-0.154902" lat="51.244265"><ele>76.75</ele></trkpt>
   <trkpt lon="-0.154902" lat="51.244151"><ele>76.75</ele></trkpt>
   <trkpt lon="-0.154977" lat="51.243944"><ele>77.0</ele></trkpt>
   <trkpt lon="-0.155098" lat="51.243732"><ele>77.75</ele></trkpt>
   <trkpt lon="-0.155238" lat="51.243596"><ele>78.0</ele></trkpt>
   <trkpt lon="-0.155359" lat="51.243434"><ele>77.75</ele></trkpt>
   <trkpt lon="-0.155476" lat="51.243350"><ele>77.75</ele></trkpt>
   <trkpt lon="-0.155937" lat="51.243135"><ele>77.5</ele></trkpt>
   <trkpt lon="-0.156254" lat="51.242985"><ele>78.0</ele></trkpt>
   <trkpt lon="-0.156557" lat="51.242882"><ele>78.0</ele></trkpt>
   <trkpt lon="-0.156663" lat="51.242791"><ele>77.75</ele></trkpt>
   <trkpt lon="-0.156882" lat="51.242342"><ele>78.0</ele></trkpt>
   <trkpt lon="-0.156908" lat="51.242228"><ele>78.0</ele></trkpt>
   <trkpt lon="-0.156904" lat="51.242054"><ele>78.75</ele></trkpt>
   <trkpt lon="-0.156825" lat="51.241907"><ele>79.75</ele></trkpt>
   <trkpt lon="-0.156836" lat="51.241816"><ele>80.25</ele></trkpt>
   <trkpt lon="-0.156919" lat="51.241741"><ele>80.5</ele></trkpt>
   <trkpt lon="-0.157490" lat="51.241484"><ele>80.25</ele></trkpt>
   <trkpt lon="-0.157600" lat="51.241416"><ele>80.25</ele></trkpt>
   <trkpt lon="-0.157668" lat="51.241363"><ele>80.75</ele></trkpt>
   <trkpt lon="-0.157733" lat="51.241339"><ele>80.75</ele></trkpt>
   <trkpt lon="-0.157860" lat="51.241291"><ele>80.75</ele></trkpt>
   <trkpt lon="-0.157962" lat="51.241204"><ele>80.75</ele></trkpt>
   <trkpt lon="-0.158079" lat="51.241057"><ele>80.75</ele></trkpt>
   <trkpt lon="-0.158231" lat="51.240925"><ele>81.5</ele></trkpt>
   <trkpt lon="-0.158801" lat="51.240502"><ele>82.0</ele></trkpt>
   <trkpt lon="-0.159523" lat="51.239893"><ele>85.0</ele></trkpt>
   <trkpt lon="-0.159647" lat="51.239833"><ele>85.25</ele></trkpt>
   <trkpt lon="-0.160414" lat="51.239629"><ele>85.5</ele></trkpt>
   <trkpt lon="-0.160535" lat="51.239572"><ele>85.75</ele></trkpt>
   <trkpt lon="-0.160656" lat="51.239500"><ele>86.25</ele></trkpt>
   <trkpt lon="-0.160811" lat="51.239376"><ele>87.0</ele></trkpt>
   <trkpt lon="-0.160961" lat="51.239425"><ele>85.75</ele></trkpt>
   <trkpt lon="-0.161114" lat="51.239478"><ele>85.0</ele></trkpt>
   <trkpt lon="-0.161156" lat="51.239550"><ele>85.0</ele></trkpt>
   <trkpt lon="-0.161118" lat="51.239594"><ele>85.0</ele></trkpt>
   <trkpt lon="-0.161093" lat="51.239668"><ele>84.75</ele></trkpt>
   <trkpt lon="-0.161130" lat="51.239901"><ele>84.25</ele></trkpt>
   <trkpt lon="-0.161229" lat="51.240233"><ele>81.75</ele></trkpt>
   <trkpt lon="-0.161382" lat="51.240415"><ele>79.5</ele></trkpt>
   <trkpt lon="-0.161474" lat="51.240559"><ele>77.75</ele></trkpt>
   <trkpt lon="-0.161505" lat="51.240648"><ele>77.25</ele></trkpt>
   <trkpt lon="-0.161530" lat="51.240687"><ele>77.25</ele></trkpt>
   <trkpt lon="-0.161551" lat="51.240762"><ele>76.75</ele></trkpt>
   <trkpt lon="-0.161600" lat="51.240814"><ele>76.75</ele></trkpt>
   <trkpt lon="-0.161624" lat="51.240885"><ele>77.0</ele></trkpt>
   <trkpt lon="-0.161658" lat="51.240982"><ele>77.5</ele></trkpt>
   <trkpt lon="-0.161760" lat="51.240931"><ele>77.25</ele></trkpt>
   <trkpt lon="-0.162002" lat="51.240830"><ele>77.0</ele></trkpt>
   <trkpt lon="-0.162204" lat="51.240707"><ele>76.5</ele></trkpt>
   <trkpt lon="-0.162411" lat="51.240562"><ele>76.5</ele></trkpt>
   <trkpt lon="-0.162493" lat="51.240508"><ele>76.75</ele></trkpt>
   <trkpt lon="-0.162670" lat="51.240412"><ele>76.5</ele></trkpt>
   <trkpt lon="-0.162875" lat="51.240316"><ele>76.25</ele></trkpt>
   <trkpt lon="-0.163085" lat="51.240254"><ele>77.0</ele></trkpt>
   <trkpt lon="-0.164107" lat="51.240056"><ele>77.0</ele></trkpt>
   <trkpt lon="-0.164401" lat="51.240007"><ele>77.0</ele></trkpt>
   <trkpt lon="-0.164426" lat="51.240069"><ele>77.0</ele></trkpt>
   <trkpt lon="-0.164487" lat="51.240060"><ele>76.75</ele></trkpt>
   <trkpt lon="-0.164487" lat="51.240036"><ele>76.75</ele></trkpt>
   <trkpt lon="-0.164856" lat="51.239840"><ele>77.75</ele></trkpt>
   <trkpt lon="-0.164984" lat="51.239803"><ele>77.75</ele></trkpt>
   <trkpt lon="-0.165072" lat="51.239801"><ele>78.0</ele></trkpt>
   <trkpt lon="-0.165129" lat="51.239807"><ele>78.25</ele></trkpt>
   <trkpt lon="-0.165447" lat="51.239885"><ele>80.75</ele></trkpt>
   <trkpt lon="-0.165961" lat="51.240007"><ele>77.5</ele></trkpt>
   <trkpt lon="-0.166070" lat="51.240036"><ele>75.75</ele></trkpt>
   <trkpt lon="-0.166077" lat="51.240024"><ele>75.5</ele></trkpt>
   <trkpt lon="-0.166133" lat="51.239927"><ele>77.0</ele></trkpt>
   <trkpt lon="-0.166259" lat="51.239961"><ele>76.25</ele></trkpt>
   <trkpt lon="-0.166367" lat="51.239975"><ele>76.0</ele></trkpt>
   <trkpt lon="-0.166505" lat="51.239980"><ele>76.0</ele></trkpt>
   <trkpt lon="-0.166661" lat="51.239946"><ele>76.0</ele></trkpt>
   <trkpt lon="-0.166757" lat="51.239915"><ele>76.0</ele></trkpt>
   <trkpt lon="-0.166858" lat="51.239846"><ele>76.0</ele></trkpt>
   <trkpt lon="-0.166919" lat="51.239794"><ele>76.0</ele></trkpt>
   <trkpt lon="-0.167010" lat="51.239694"><ele>75.75</ele></trkpt>
   <trkpt lon="-0.167220" lat="51.239395"><ele>75.75</ele></trkpt>
   <trkpt lon="-0.167467" lat="51.238854"><ele>76.25</ele></trkpt>
   <trkpt lon="-0.167476" lat="51.238779"><ele>76.5</ele></trkpt>
   <trkpt lon="-0.167475" lat="51.238762"><ele>76.75</ele></trkpt>
   <trkpt lon="-0.167548" lat="51.238651"><ele>76.5</ele></trkpt>
   <trkpt lon="-0.167587" lat="51.238621"><ele>76.5</ele></trkpt>
   <trkpt lon="-0.167624" lat="51.238592"><ele>76.75</ele></trkpt>
   <trkpt lon="-0.167902" lat="51.238314"><ele>77.25</ele></trkpt>
   <trkpt lon="-0.168119" lat="51.238135"><ele>78.25</ele></trkpt>
   <trkpt lon="-0.168479" lat="51.237885"><ele>78.75</ele></trkpt>
   <trkpt lon="-0.168604" lat="51.237787"><ele>78.0</ele></trkpt>
   <trkpt lon="-0.168790" lat="51.237730"><ele>78.75</ele></trkpt>
   <trkpt lon="-0.168934" lat="51.237647"><ele>80.0</ele></trkpt>
   <trkpt lon="-0.169033" lat="51.237551"><ele>80.0</ele></trkpt>
   <trkpt lon="-0.169109" lat="51.237435"><ele>78.5</ele></trkpt>
   <trkpt lon="-0.169222" lat="51.237168"><ele>76.75</ele></trkpt>
   <trkpt lon="-0.169263" lat="51.237104"><ele>76.5</ele></trkpt>
   <trkpt lon="-0.169411" lat="51.236870"><ele>76.0</ele></trkpt>
   <trkpt lon="-0.169677" lat="51.236442"><ele>75.0</ele></trkpt>
   <trkpt lon="-0.169962" lat="51.235996"><ele>74.5</ele></trkpt>
   <trkpt lon="-0.170177" lat="51.235677"><ele>74.25</ele></trkpt>
   <trkpt lon="-0.170229" lat="51.235581"><ele>74.0</ele></trkpt>
   <trkpt lon="-0.170252" lat="51.235536"><ele>74.0</ele></trkpt>
   <trkpt lon="-0.170518" lat="51.235152"><ele>74.5</ele></trkpt>
   <trkpt lon="-0.170582" lat="51.235048"><ele>74.75</ele></trkpt>
   <trkpt lon="-0.170642" lat="51.234949"><ele>75.0</ele></trkpt>
   <trkpt lon="-0.170740" lat="51.234799"><ele>75.0</ele></trkpt>
   <trkpt lon="-0.170761" lat="51.234719"><ele>75.0</ele></trkpt>
   <trkpt lon="-0.170764" lat="51.234693"><ele>75.0</ele></trkpt>
   <trkpt lon="-0.170723" lat="51.234656"><ele>75.25</ele></trkpt>
   <trkpt lon="-0.169588" lat="51.234364"><ele>75.25</ele></trkpt>
   <trkpt lon="-0.169426" lat="51.234207"><ele>76.25</ele></trkpt>
   <trkpt lon="-0.169416" lat="51.234047"><ele>76.5</ele></trkpt>
   <trkpt lon="-0.169878" lat="51.233037"><ele>76.75</ele></trkpt>
   <trkpt lon="-0.169930" lat="51.232616"><ele>76.5</ele></trkpt>
   <trkpt lon="-0.169935" lat="51.232577"><ele>76.5</ele></trkpt>
   <trkpt lon="-0.169918" lat="51.232493"><ele>76.5</ele></trkpt>
   <trkpt lon="-0.169811" lat="51.232458"><ele>77.75</ele></trkpt>
   <trkpt lon="-0.169539" lat="51.232426"><ele>78.75</ele></trkpt>
   <trkpt lon="-0.169341" lat="51.232421"><ele>78.0</ele></trkpt>
   <trkpt lon="-0.169104" lat="51.232442"><ele>76.25</ele></trkpt>
   <trkpt lon="-0.168888" lat="51.232426"><ele>75.5</ele></trkpt>
   <trkpt lon="-0.168836" lat="51.232469"><ele>75.5</ele></trkpt>
   <trkpt lon="-0.168761" lat="51.232464"><ele>75.25</ele></trkpt>
   <trkpt lon="-0.168698" lat="51.232463"><ele>75.25</ele></trkpt>
   <trkpt lon="-0.168667" lat="51.232420"><ele>75.0</ele></trkpt>
   <trkpt lon="-0.168551" lat="51.232414"><ele>74.75</ele></trkpt>
   <trkpt lon="-0.168507" lat="51.232351"><ele>74.75</ele></trkpt>
   <trkpt lon="-0.168732" lat="51.231209"><ele>74.25</ele></trkpt>
   <trkpt lon="-0.168908" lat="51.230308"><ele>77.0</ele></trkpt>
   <trkpt lon="-0.168963" lat="51.230022"><ele>78.0</ele></trkpt>
   <trkpt lon="-0.169041" lat="51.229623"><ele>79.0</ele></trkpt>
   <trkpt lon="-0.169114" lat="51.229245"><ele>79.5</ele></trkpt>
   <trkpt lon="-0.169057" lat="51.229192"><ele>79.0</ele></trkpt>
   <trkpt lon="-0.169245" lat="51.229102"><ele>80.25</ele></trkpt>
   <trkpt lon="-0.169152" lat="51.228971"><ele>79.0</ele></trkpt>
   <trkpt lon="-0.169202" lat="51.228725"><ele>78.5</ele></trkpt>
   <trkpt lon="-0.169363" lat="51.227950"><ele>75.5</ele></trkpt>
   <trkpt lon="-0.169401" lat="51.227767"><ele>74.75</ele></trkpt>
   <trkpt lon="-0.169411" lat="51.227635"><ele>74.75</ele></trkpt>
   <trkpt lon="-0.169412" lat="51.227585"><ele>74.75</ele></trkpt>
   <trkpt lon="-0.169370" lat="51.227547"><ele>74.75</ele></trkpt>
   <trkpt lon="-0.169463" lat="51.227481"><ele>74.75</ele></trkpt>
   <trkpt lon="-0.169527" lat="51.227086"><ele>73.75</ele></trkpt>
   <trkpt lon="-0.169563" lat="51.226942"><ele>73.25</ele></trkpt>
   <trkpt lon="-0.169655" lat="51.226737"><ele>73.75</ele></trkpt>
   <trkpt lon="-0.169683" lat="51.226562"><ele>73.75</ele></trkpt>
   <trkpt lon="-0.169692" lat="51.226379"><ele>73.75</ele></trkpt>
   <trkpt lon="-0.169673" lat="51.226271"><ele>73.5</ele></trkpt>
   <trkpt lon="-0.169600" lat="51.226107"><ele>73.5</ele></trkpt>
   <trkpt lon="-0.169445" lat="51.225861"><ele>73.0</ele></trkpt>
   <trkpt lon="-0.168925" lat="51.225277"><ele>72.0</ele></trkpt>
   <trkpt lon="-0.168329" lat="51.224691"><ele>71.75</ele></trkpt>
   <trkpt lon="-0.167927" lat="51.224331"><ele>71.5</ele></trkpt>
   <trkpt lon="-0.168606" lat="51.224066"><ele>72.25</ele></trkpt>
   <trkpt lon="-0.168967" lat="51.223854"><ele>73.0</ele></trkpt>
   <trkpt lon="-0.169333" lat="51.223674"><ele>73.75</ele></trkpt>
   <trkpt lon="-0.169682" lat="51.223504"><ele>73.0</ele></trkpt>
   <trkpt lon="-0.169717" lat="51.223488"><ele>73.0</ele></trkpt>
   <trkpt lon="-0.169845" lat="51.223433"><ele>73.25</ele></trkpt>
   <trkpt lon="-0.169594" lat="51.223028"><ele>74.25</ele></trkpt>
   <trkpt lon="-0.169163" lat="51.222400"><ele>72.25</ele></trkpt>
   <trkpt lon="-0.168795" lat="51.221792"><ele>70.0</ele></trkpt>
   <trkpt lon="-0.168812" lat="51.221702"><ele>69.25</ele></trkpt>
   <trkpt lon="-0.168756" lat="51.221573"><ele>68.0</ele></trkpt>
   <trkpt lon="-0.168696" lat="51.221466"><ele>67.25</ele></trkpt>
   <trkpt lon="-0.168247" lat="51.220819"><ele>62.75</ele></trkpt>
   <trkpt lon="-0.167317" lat="51.219646"><ele>61.75</ele></trkpt>
   <trkpt lon="-0.167345" lat="51.219561"><ele>61.75</ele></trkpt>
   <trkpt lon="-0.167326" lat="51.219478"><ele>61.75</ele></trkpt>
   <trkpt lon="-0.167262" lat="51.219395"><ele>62.0</ele></trkpt>
   <trkpt lon="-0.167153" lat="51.219318"><ele>62.25</ele></trkpt>
   <trkpt lon="-0.166629" lat="51.218636"><ele>64.0</ele></trkpt>
   <trkpt lon="-0.166571" lat="51.218547"><ele>64.25</ele></trkpt>
   <trkpt lon="-0.166554" lat="51.218491"><ele>64.5</ele></trkpt>
   <trkpt lon="-0.166564" lat="51.218439"><ele>64.75</ele></trkpt>
   <trkpt lon="-0.166606" lat="51.218380"><ele>64.75</ele></trkpt>
   <trkpt lon="-0.166670" lat="51.218346"><ele>64.75</ele></trkpt>
   <trkpt lon="-0.166795" lat="51.218319"><ele>64.25</ele></trkpt>
   <trkpt lon="-0.166902" lat="51.218295"><ele>63.5</ele></trkpt>
   <trkpt lon="-0.166891" lat="51.218267"><ele>63.25</ele></trkpt>
   <trkpt lon="-0.166880" lat="51.218228"><ele>63.0</ele></trkpt>
   <trkpt lon="-0.166858" lat="51.218187"><ele>62.5</ele></trkpt>
   <trkpt lon="-0.166654" lat="51.218184"><ele>62.75</ele></trkpt>
   <trkpt lon="-0.166383" lat="51.218159"><ele>63.75</ele></trkpt>
   <trkpt lon="-0.166256" lat="51.218154"><ele>64.25</ele></trkpt>
   <trkpt lon="-0.166153" lat="51.218106"><ele>64.75</ele></trkpt>
   <trkpt lon="-0.166098" lat="51.218072"><ele>64.75</ele></trkpt>
   <trkpt lon="-0.166050" lat="51.218039"><ele>64.75</ele></trkpt>
   <trkpt lon="-0.166009" lat="51.218046"><ele>64.75</ele></trkpt>
   <trkpt lon="-0.165954" lat="51.218074"><ele>65.0</ele></trkpt>
   <trkpt lon="-0.165874" lat="51.218029"><ele>64.75</ele></trkpt>
   <trkpt lon="-0.165751" lat="51.217936"><ele>64.0</ele></trkpt>
   <trkpt lon="-0.164640" lat="51.217445"><ele>63.0</ele></trkpt>
   <trkpt lon="-0.164107" lat="51.217226"><ele>64.0</ele></trkpt>
   <trkpt lon="-0.163808" lat="51.217126"><ele>64.75</ele></trkpt>
   <trkpt lon="-0.163716" lat="51.217108"><ele>64.75</ele></trkpt>
   <trkpt lon="-0.163528" lat="51.217073"><ele>65.0</ele></trkpt>
   <trkpt lon="-0.163170" lat="51.217033"><ele>65.0</ele></trkpt>
   <trkpt lon="-0.161299" lat="51.216906"><ele>63.75</ele></trkpt>
   <trkpt lon="-0.160528" lat="51.216857"><ele>64.0</ele></trkpt>
   <trkpt lon="-0.160273" lat="51.216827"><ele>64.0</ele></trkpt>
   <trkpt lon="-0.160168" lat="51.216805"><ele>64.0</ele></trkpt>
   <trkpt lon="-0.160054" lat="51.216760"><ele>64.0</ele></trkpt>
   <trkpt lon="-0.160020" lat="51.216742"><ele>64.0</ele></trkpt>
   <trkpt lon="-0.159947" lat="51.216675"><ele>64.0</ele></trkpt>
   <trkpt lon="-0.159899" lat="51.216614"><ele>64.0</ele></trkpt>
   <trkpt lon="-0.159866" lat="51.216567"><ele>64.0</ele></trkpt>
   <trkpt lon="-0.159687" lat="51.216254"><ele>64.5</ele></trkpt>
   <trkpt lon="-0.158962" lat="51.214973"><ele>69.25</ele></trkpt>
   <trkpt lon="-0.158786" lat="51.214658"><ele>71.25</ele></trkpt>
   <trkpt lon="-0.158474" lat="51.214089"><ele>73.25</ele></trkpt>
   <trkpt lon="-0.158346" lat="51.213826"><ele>74.0</ele></trkpt>
   <trkpt lon="-0.158286" lat="51.213744"><ele>74.0</ele></trkpt>
   <trkpt lon="-0.158125" lat="51.213595"><ele>74.0</ele></trkpt>
   <trkpt lon="-0.157884" lat="51.213453"><ele>74.5</ele></trkpt>
   <trkpt lon="-0.157671" lat="51.213355"><ele>75.0</ele></trkpt>
   <trkpt lon="-0.157351" lat="51.213231"><ele>75.0</ele></trkpt>
   <trkpt lon="-0.157002" lat="51.213116"><ele>75.0</ele></trkpt>
   <trkpt lon="-0.156107" lat="51.212857"><ele>75.25</ele></trkpt>
   <trkpt lon="-0.155708" lat="51.212749"><ele>75.0</ele></trkpt>
   <trkpt lon="-0.155248" lat="51.212617"><ele>74.75</ele></trkpt>
   <trkpt lon="-0.154921" lat="51.212513"><ele>74.5</ele></trkpt>
   <trkpt lon="-0.154583" lat="51.212396"><ele>73.25</ele></trkpt>
   <trkpt lon="-0.154367" lat="51.212256"><ele>73.0</ele></trkpt>
   <trkpt lon="-0.154080" lat="51.212034"><ele>73.25</ele></trkpt>
   <trkpt lon="-0.153891" lat="51.211830"><ele>73.0</ele></trkpt>
   <trkpt lon="-0.153794" lat="51.211675"><ele>72.75</ele></trkpt>
   <trkpt lon="-0.153690" lat="51.211457"><ele>73.0</ele></trkpt>
   <trkpt lon="-0.153605" lat="51.211167"><ele>72.75</ele></trkpt>
   <trkpt lon="-0.153071" lat="51.209573"><ele>68.5</ele></trkpt>
   <trkpt lon="-0.152941" lat="51.209125"><ele>67.25</ele></trkpt>
   <trkpt lon="-0.152892" lat="51.208872"><ele>65.75</ele></trkpt>
   <trkpt lon="-0.152865" lat="51.208608"><ele>64.75</ele></trkpt>
   <trkpt lon="-0.152859" lat="51.208548"><ele>64.75</ele></trkpt>
   <trkpt lon="-0.152874" lat="51.208349"><ele>64.0</ele></trkpt>
   <trkpt lon="-0.152882" lat="51.208312"><ele>63.75</ele></trkpt>
   <trkpt lon="-0.152946" lat="51.208029"><ele>63.25</ele></trkpt>
   <trkpt lon="-0.153043" lat="51.207354"><ele>61.5</ele></trkpt>
   <trkpt lon="-0.153030" lat="51.206879"><ele>60.5</ele></trkpt>
   <trkpt lon="-0.153038" lat="51.206660"><ele>59.0</ele></trkpt>
   <trkpt lon="-0.153084" lat="51.206225"><ele>57.75</ele></trkpt>
   <trkpt lon="-0.153199" lat="51.205281"><ele>56.0</ele></trkpt>
   <trkpt lon="-0.153217" lat="51.205170"><ele>56.5</ele></trkpt>
   <trkpt lon="-0.153246" lat="51.204947"><ele>57.25</ele></trkpt>
   <trkpt lon="-0.153344" lat="51.204169"><ele>60.0</ele></trkpt>
   <trkpt lon="-0.153387" lat="51.203884"><ele>62.0</ele></trkpt>
   <trkpt lon="-0.153447" lat="51.203462"><ele>64.25</ele></trkpt>
   <trkpt lon="-0.153485" lat="51.203398"><ele>64.5</ele></trkpt>
   <trkpt lon="-0.153531" lat="51.203341"><ele>64.75</ele></trkpt>
   <trkpt lon="-0.153693" lat="51.203049"><ele>66.0</ele></trkpt>
   <trkpt lon="-0.153749" lat="51.202844"><ele>67.0</ele></trkpt>
   <trkpt lon="-0.153829" lat="51.202420"><ele>69.25</ele></trkpt>
   <trkpt lon="-0.153938" lat="51.201701"><ele>72.5</ele></trkpt>
   <trkpt lon="-0.153968" lat="51.201272"><ele>73.75</ele></trkpt>
   <trkpt lon="-0.154026" lat="51.200437"><ele>76.5</ele></trkpt>
   <trkpt lon="-0.154047" lat="51.199254"><ele>79.5</ele></trkpt>
   <trkpt lon="-0.153926" lat="51.198488"><ele>81.0</ele></trkpt>
   <trkpt lon="-0.153779" lat="51.197634"><ele>80.25</ele></trkpt>
   <trkpt lon="-0.153596" lat="51.197240"><ele>79.0</ele></trkpt>
   <trkpt lon="-0.153444" lat="51.196913"><ele>77.25</ele></trkpt>
   <trkpt lon="-0.153307" lat="51.196687"><ele>76.0</ele></trkpt>
   <trkpt lon="-0.153179" lat="51.196474"><ele>74.75</ele></trkpt>
   <trkpt lon="-0.153122" lat="51.196340"><ele>73.75</ele></trkpt>
   <trkpt lon="-0.153001" lat="51.196057"><ele>71.75</ele></trkpt>
   <trkpt lon="-0.152882" lat="51.195778"><ele>70.0</ele></trkpt>
   <trkpt lon="-0.152790" lat="51.195563"><ele>69.0</ele></trkpt>
   <trkpt lon="-0.152662" lat="51.194978"><ele>65.75</ele></trkpt>
   <trkpt lon="-0.152673" lat="51.193151"><ele>59.25</ele></trkpt>
   <trkpt lon="-0.152682" lat="51.191620"><ele>57.0</ele></trkpt>
   <trkpt lon="-0.152149" lat="51.191702"><ele>57.0</ele></trkpt>
   <trkpt lon="-0.151845" lat="51.190714"><ele>57.0</ele></trkpt>
   <trkpt lon="-0.151809" lat="51.190268"><ele>57.0</ele></trkpt>
   <trkpt lon="-0.151807" lat="51.189767"><ele>56.0</ele></trkpt>
   <trkpt lon="-0.151871" lat="51.189339"><ele>55.0</ele></trkpt>
   <trkpt lon="-0.152068" lat="51.188934"><ele>54.0</ele></trkpt>
   <trkpt lon="-0.152154" lat="51.188634"><ele>54.0</ele></trkpt>
   <trkpt lon="-0.152367" lat="51.188010"><ele>53.0</ele></trkpt>
   <trkpt lon="-0.152361" lat="51.187990"><ele>53.0</ele></trkpt>
   <trkpt lon="-0.152258" lat="51.187606"><ele>53.0</ele></trkpt>
   <trkpt lon="-0.152198" lat="51.187387"><ele>53.0</ele></trkpt>
   <trkpt lon="-0.152162" lat="51.186991"><ele>53.5</ele></trkpt>
   <trkpt lon="-0.152120" lat="51.186735"><ele>53.0</ele></trkpt>
   <trkpt lon="-0.151955" lat="51.186167"><ele>53.0</ele></trkpt>
   <trkpt lon="-0.152019" lat="51.185882"><ele>53.5</ele></trkpt>
   <trkpt lon="-0.152165" lat="51.185541"><ele>53.0</ele></trkpt>
   <trkpt lon="-0.152328" lat="51.185086"><ele>53.25</ele></trkpt>
   <trkpt lon="-0.152306" lat="51.184295"><ele>54.0</ele></trkpt>
   <trkpt lon="-0.152300" lat="51.184083"><ele>54.0</ele></trkpt>
   <trkpt lon="-0.152430" lat="51.183453"><ele>54.0</ele></trkpt>
   <trkpt lon="-0.152557" lat="51.182915"><ele>55.0</ele></trkpt>
   <trkpt lon="-0.152781" lat="51.182044"><ele>55.0</ele></trkpt>
   <trkpt lon="-0.153105" lat="51.181068"><ele>55.25</ele></trkpt>
   <trkpt lon="-0.153123" lat="51.181012"><ele>55.5</ele></trkpt>
   <trkpt lon="-0.153219" lat="51.180526"><ele>56.0</ele></trkpt>
   <trkpt lon="-0.153414" lat="51.179842"><ele>56.0</ele></trkpt>
   <trkpt lon="-0.153426" lat="51.179701"><ele>56.0</ele></trkpt>
   <trkpt lon="-0.153436" lat="51.179590"><ele>56.0</ele></trkpt>
   <trkpt lon="-0.153519" lat="51.178895"><ele>56.0</ele></trkpt>
   <trkpt lon="-0.153556" lat="51.178570"><ele>56.0</ele></trkpt>
   <trkpt lon="-0.153578" lat="51.178435"><ele>56.0</ele></trkpt>
   <trkpt lon="-0.153591" lat="51.178333"><ele>56.0</ele></trkpt>
   <trkpt lon="-0.153613" lat="51.178169"><ele>55.75</ele></trkpt>
   <trkpt lon="-0.153633" lat="51.178054"><ele>56.0</ele></trkpt>
   <trkpt lon="-0.153652" lat="51.177828"><ele>56.0</ele></trkpt>
   <trkpt lon="-0.153757" lat="51.177598"><ele>56.0</ele></trkpt>
   <trkpt lon="-0.153835" lat="51.177453"><ele>56.0</ele></trkpt>
   <trkpt lon="-0.153947" lat="51.177364"><ele>56.0</ele></trkpt>
   <trkpt lon="-0.154220" lat="51.177180"><ele>56.0</ele></trkpt>
   <trkpt lon="-0.154299" lat="51.177121"><ele>56.0</ele></trkpt>
   <trkpt lon="-0.154321" lat="51.177065"><ele>56.0</ele></trkpt>
   <trkpt lon="-0.154333" lat="51.176943"><ele>56.0</ele></trkpt>
   <trkpt lon="-0.154445" lat="51.176947"><ele>55.75</ele></trkpt>
   <trkpt lon="-0.154542" lat="51.176940"><ele>56.0</ele></trkpt>
   <trkpt lon="-0.154606" lat="51.176899"><ele>56.0</ele></trkpt>
   <trkpt lon="-0.154711" lat="51.176824"><ele>56.0</ele></trkpt>
   <trkpt lon="-0.154797" lat="51.176763"><ele>56.0</ele></trkpt>
   <trkpt lon="-0.155050" lat="51.176584"><ele>56.0</ele></trkpt>
   <trkpt lon="-0.155246" lat="51.176445"><ele>56.0</ele></trkpt>
   <trkpt lon="-0.155459" lat="51.176318"><ele>56.0</ele></trkpt>
   <trkpt lon="-0.155863" lat="51.176058"><ele>56.0</ele></trkpt>
   <trkpt lon="-0.155963" lat="51.175989"><ele>56.0</ele></trkpt>
   <trkpt lon="-0.156107" lat="51.175904"><ele>56.0</ele></trkpt>
   <trkpt lon="-0.156188" lat="51.175829"><ele>56.25</ele></trkpt>
   <trkpt lon="-0.156231" lat="51.175748"><ele>56.25</ele></trkpt>
   <trkpt lon="-0.156276" lat="51.175620"><ele>56.5</ele></trkpt>
   <trkpt lon="-0.156254" lat="51.175550"><ele>56.5</ele></trkpt>
   <trkpt lon="-0.156200" lat="51.175464"><ele>56.25</ele></trkpt>
   <trkpt lon="-0.156070" lat="51.175288"><ele>56.75</ele></trkpt>
   <trkpt lon="-0.155946" lat="51.175092"><ele>57.0</ele></trkpt>
   <trkpt lon="-0.155887" lat="51.174979"><ele>57.0</ele></trkpt>
   <trkpt lon="-0.155867" lat="51.174930"><ele>57.0</ele></trkpt>
   <trkpt lon="-0.155929" lat="51.174923"><ele>57.0</ele></trkpt>
   <trkpt lon="-0.155976" lat="51.174916"><ele>57.0</ele></trkpt>
   <trkpt lon="-0.156086" lat="51.174901"><ele>57.0</ele></trkpt>
   <trkpt lon="-0.157295" lat="51.174668"><ele>55.75</ele></trkpt>
   <trkpt lon="-0.157779" lat="51.174577"><ele>56.75</ele></trkpt>
   <trkpt lon="-0.157946" lat="51.174546"><ele>56.25</ele></trkpt>
   <trkpt lon="-0.158262" lat="51.174483"><ele>55.75</ele></trkpt>
   <trkpt lon="-0.158345" lat="51.174468"><ele>56.0</ele></trkpt>
   <trkpt lon="-0.158730" lat="51.174392"><ele>56.0</ele></trkpt>
   <trkpt lon="-0.158825" lat="51.174341"><ele>56.0</ele></trkpt>
   <trkpt lon="-0.158910" lat="51.174311"><ele>56.0</ele></trkpt>
   <trkpt lon="-0.158961" lat="51.174293"><ele>56.0</ele></trkpt>
   <trkpt lon="-0.159002" lat="51.174275"><ele>56.0</ele></trkpt>
   <trkpt lon="-0.159079" lat="51.174243"><ele>56.0</ele></trkpt>
   <trkpt lon="-0.159110" lat="51.174232"><ele>55.75</ele></trkpt>
   <trkpt lon="-0.159231" lat="51.174190"><ele>56.0</ele></trkpt>
   <trkpt lon="-0.159402" lat="51.174130"><ele>55.75</ele></trkpt>
   <trkpt lon="-0.160529" lat="51.173482"><ele>56.25</ele></trkpt>
   <trkpt lon="-0.160568" lat="51.173441"><ele>56.5</ele></trkpt>
   <trkpt lon="-0.160595" lat="51.173399"><ele>56.75</ele></trkpt>
   <trkpt lon="-0.160675" lat="51.173419"><ele>56.75</ele></trkpt>
   <trkpt lon="-0.160697" lat="51.173358"><ele>56.75</ele></trkpt>
   <trkpt lon="-0.160709" lat="51.173287"><ele>57.0</ele></trkpt>
   <trkpt lon="-0.160715" lat="51.173257"><ele>57.0</ele></trkpt>
   <trkpt lon="-0.160658" lat="51.173050"><ele>57.0</ele></trkpt>
   <trkpt lon="-0.160686" lat="51.173017"><ele>57.0</ele></trkpt>
   <trkpt lon="-0.160760" lat="51.173004"><ele>57.0</ele></trkpt>
   <trkpt lon="-0.161025" lat="51.173002"><ele>56.25</ele></trkpt>
   <trkpt lon="-0.161185" lat="51.172992"><ele>56.25</ele></trkpt>
   <trkpt lon="-0.161287" lat="51.172965"><ele>56.75</ele></trkpt>
   <trkpt lon="-0.161365" lat="51.172929"><ele>56.75</ele></trkpt>
   <trkpt lon="-0.161406" lat="51.172936"><ele>57.0</ele></trkpt>
   <trkpt lon="-0.161447" lat="51.172960"><ele>57.0</ele></trkpt>
   <trkpt lon="-0.161526" lat="51.172921"><ele>56.75</ele></trkpt>
   <trkpt lon="-0.161552" lat="51.172904"><ele>57.0</ele></trkpt>
   <trkpt lon="-0.161746" lat="51.172799"><ele>56.75</ele></trkpt>
   <trkpt lon="-0.161785" lat="51.172780"><ele>56.75</ele></trkpt>
   <trkpt lon="-0.162804" lat="51.172204"><ele>57.0</ele></trkpt>
   <trkpt lon="-0.162885" lat="51.172168"><ele>57.0</ele></trkpt>
   <trkpt lon="-0.162946" lat="51.172168"><ele>57.0</ele></trkpt>
   <trkpt lon="-0.162964" lat="51.172141"><ele>57.0</ele></trkpt>
   <trkpt lon="-0.163008" lat="51.172074"><ele>57.0</ele></trkpt>
   <trkpt lon="-0.163502" lat="51.171789"><ele>57.0</ele></trkpt>
   <trkpt lon="-0.163535" lat="51.171768"><ele>57.0</ele></trkpt>
   <trkpt lon="-0.163587" lat="51.171735"><ele>57.0</ele></trkpt>
   <trkpt lon="-0.163489" lat="51.171668"><ele>57.0</ele></trkpt>
   <trkpt lon="-0.163363" lat="51.171573"><ele>57.0</ele></trkpt>
   <trkpt lon="-0.163327" lat="51.171538"><ele>57.0</ele></trkpt>
   <trkpt lon="-0.163132" lat="51.171381"><ele>57.0</ele></trkpt>
   <trkpt lon="-0.162496" lat="51.170868"><ele>56.75</ele></trkpt>
   <trkpt lon="-0.162460" lat="51.170838"><ele>56.75</ele></trkpt>
   <trkpt lon="-0.162405" lat="51.170795"><ele>56.75</ele></trkpt>
   <trkpt lon="-0.162314" lat="51.170719"><ele>57.0</ele></trkpt>
   <trkpt lon="-0.162180" lat="51.170608"><ele>57.0</ele></trkpt>
   <trkpt lon="-0.162144" lat="51.170577"><ele>56.75</ele></trkpt>
   <trkpt lon="-0.162134" lat="51.170570"><ele>57.0</ele></trkpt>
   <trkpt lon="-0.162082" lat="51.170518"><ele>57.0</ele></trkpt>
   <trkpt lon="-0.162045" lat="51.170463"><ele>57.0</ele></trkpt>
   <trkpt lon="-0.162012" lat="51.170358"><ele>57.0</ele></trkpt>
   <trkpt lon="-0.162005" lat="51.170287"><ele>57.0</ele></trkpt>
   <trkpt lon="-0.162005" lat="51.170194"><ele>57.25</ele></trkpt>
   <trkpt lon="-0.162002" lat="51.170158"><ele>57.25</ele></trkpt>
   <trkpt lon="-0.162000" lat="51.170120"><ele>57.5</ele></trkpt>
   <trkpt lon="-0.161991" lat="51.170055"><ele>57.75</ele></trkpt>
   <trkpt lon="-0.162073" lat="51.170006"><ele>57.75</ele></trkpt>
   <trkpt lon="-0.162193" lat="51.169985"><ele>58.0</ele></trkpt>
   <trkpt lon="-0.162284" lat="51.169971"><ele>57.75</ele></trkpt>
   <trkpt lon="-0.162411" lat="51.169978"><ele>57.75</ele></trkpt>
   <trkpt lon="-0.162384" lat="51.169911"><ele>57.75</ele></trkpt>
   <trkpt lon="-0.162229" lat="51.169653"><ele>57.5</ele></trkpt>
   <trkpt lon="-0.162164" lat="51.169526"><ele>57.5</ele></trkpt>
   <trkpt lon="-0.162109" lat="51.169370"><ele>57.25</ele></trkpt>
   <trkpt lon="-0.162089" lat="51.169238"><ele>57.0</ele></trkpt>
   <trkpt lon="-0.162213" lat="51.169106"><ele>57.0</ele></trkpt>
   <trkpt lon="-0.162263" lat="51.169070"><ele>57.0</ele></trkpt>
   <trkpt lon="-0.163063" lat="51.168688"><ele>56.75</ele></trkpt>
   <trkpt lon="-0.163356" lat="51.168540"><ele>57.0</ele></trkpt>
   <trkpt lon="-0.163704" lat="51.168345"><ele>56.75</ele></trkpt>
   <trkpt lon="-0.164031" lat="51.168172"><ele>57.0</ele></trkpt>
   <trkpt lon="-0.164178" lat="51.168112"><ele>56.75</ele></trkpt>
   <trkpt lon="-0.164920" lat="51.167833"><ele>57.0</ele></trkpt>
   <trkpt lon="-0.166015" lat="51.167440"><ele>57.0</ele></trkpt>
   <trkpt lon="-0.165976" lat="51.167356"><ele>57.5</ele></trkpt>
   <trkpt lon="-0.165983" lat="51.167275"><ele>57.75</ele></trkpt>
   <trkpt lon="-0.166040" lat="51.167183"><ele>58.0</ele></trkpt>
   <trkpt lon="-0.166120" lat="51.167127"><ele>58.0</ele></trkpt>
   <trkpt lon="-0.166227" lat="51.167081"><ele>58.0</ele></trkpt>
   <trkpt lon="-0.166183" lat="51.167023"><ele>58.0</ele></trkpt>
   <trkpt lon="-0.165862" lat="51.166602"><ele>58.75</ele></trkpt>
   <trkpt lon="-0.165824" lat="51.166553"><ele>59.0</ele></trkpt>
   <trkpt lon="-0.165811" lat="51.166500"><ele>58.75</ele></trkpt>
   <trkpt lon="-0.165788" lat="51.166180"><ele>59.75</ele></trkpt>
   <trkpt lon="-0.165904" lat="51.166169"><ele>59.5</ele></trkpt>
   <trkpt lon="-0.166515" lat="51.166025"><ele>58.0</ele></trkpt>
   <trkpt lon="-0.167311" lat="51.165829"><ele>57.0</ele></trkpt>
   <trkpt lon="-0.167759" lat="51.165629"><ele>57.0</ele></trkpt>
   <trkpt lon="-0.168232" lat="51.165271"><ele>57.0</ele></trkpt>
   <trkpt lon="-0.167874" lat="51.165099"><ele>57.0</ele></trkpt>
   <trkpt lon="-0.167550" lat="51.164930"><ele>56.5</ele></trkpt>
   <trkpt lon="-0.167459" lat="51.164882"><ele>56.5</ele></trkpt>
   <trkpt lon="-0.167267" lat="51.164781"><ele>56.75</ele></trkpt>
   <trkpt lon="-0.167478" lat="51.164598"><ele>56.0</ele></trkpt>
   <trkpt lon="-0.167695" lat="51.164459"><ele>56.0</ele></trkpt>
   <trkpt lon="-0.167784" lat="51.164437"><ele>55.75</ele></trkpt>
   <trkpt lon="-0.167901" lat="51.164363"><ele>55.5</ele></trkpt>
   <trkpt lon="-0.168134" lat="51.164189"><ele>55.25</ele></trkpt>
   <trkpt lon="-0.168196" lat="51.164145"><ele>55.5</ele></trkpt>
   <trkpt lon="-0.168162" lat="51.164130"><ele>55.25</ele></trkpt>
   <trkpt lon="-0.167992" lat="51.164056"><ele>55.25</ele></trkpt>
   <trkpt lon="-0.167833" lat="51.163967"><ele>55.5</ele></trkpt>
   <trkpt lon="-0.167459" lat="51.163286"><ele>56.0</ele></trkpt>
   <trkpt lon="-0.167359" lat="51.163178"><ele>56.0</ele></trkpt>
   <trkpt lon="-0.167174" lat="51.163086"><ele>55.75</ele></trkpt>
   <trkpt lon="-0.166063" lat="51.162638"><ele>55.5</ele></trkpt>
   <trkpt lon="-0.165944" lat="51.162545"><ele>55.75</ele></trkpt>
   <trkpt lon="-0.165767" lat="51.162367"><ele>56.0</ele></trkpt>
   <trkpt lon="-0.165622" lat="51.162319"><ele>56.0</ele></trkpt>
   <trkpt lon="-0.165404" lat="51.162293"><ele>56.0</ele></trkpt>
   <trkpt lon="-0.165304" lat="51.162241"><ele>55.75</ele></trkpt>
   <trkpt lon="-0.165100" lat="51.162075"><ele>55.5</ele></trkpt>
   <trkpt lon="-0.164866" lat="51.161967"><ele>55.75</ele></trkpt>
   <trkpt lon="-0.164697" lat="51.161893"><ele>55.75</ele></trkpt>
   <trkpt lon="-0.164589" lat="51.161816"><ele>55.75</ele></trkpt>
   <trkpt lon="-0.164426" lat="51.161575"><ele>56.5</ele></trkpt>
   <trkpt lon="-0.164245" lat="51.161021"><ele>55.0</ele></trkpt>
   <trkpt lon="-0.164204" lat="51.160879"><ele>55.5</ele></trkpt>
   <trkpt lon="-0.164230" lat="51.160779"><ele>56.0</ele></trkpt>
   <trkpt lon="-0.164331" lat="51.160705"><ele>56.25</ele></trkpt>
   <trkpt lon="-0.164397" lat="51.160634"><ele>56.5</ele></trkpt>
   <trkpt lon="-0.164378" lat="51.160549"><ele>57.25</ele></trkpt>
   <trkpt lon="-0.164323" lat="51.160475"><ele>59.0</ele></trkpt>
   <trkpt lon="-0.164193" lat="51.160427"><ele>60.25</ele></trkpt>
   <trkpt lon="-0.163884" lat="51.160347"><ele>59.25</ele></trkpt>
   <trkpt lon="-0.163749" lat="51.160312"><ele>58.25</ele></trkpt>
   <trkpt lon="-0.163623" lat="51.160260"><ele>57.5</ele></trkpt>
   <trkpt lon="-0.163410" lat="51.159625"><ele>62.0</ele></trkpt>
   <trkpt lon="-0.163359" lat="51.159385"><ele>57.5</ele></trkpt>
   <trkpt lon="-0.163345" lat="51.159353"><ele>57.5</ele></trkpt>
   <trkpt lon="-0.163321" lat="51.159325"><ele>57.75</ele></trkpt>
   <trkpt lon="-0.163241" lat="51.159256"><ele>57.75</ele></trkpt>
   <trkpt lon="-0.163042" lat="51.159123"><ele>57.25</ele></trkpt>
   <trkpt lon="-0.162737" lat="51.158962"><ele>58.0</ele></trkpt>
   <trkpt lon="-0.162382" lat="51.158717"><ele>58.5</ele></trkpt>
   <trkpt lon="-0.162349" lat="51.158675"><ele>58.75</ele></trkpt>
   <trkpt lon="-0.162331" lat="51.158641"><ele>59.0</ele></trkpt>
   <trkpt lon="-0.162310" lat="51.158585"><ele>59.25</ele></trkpt>
   <trkpt lon="-0.162278" lat="51.158444"><ele>58.5</ele></trkpt>
   <trkpt lon="-0.162269" lat="51.158365"><ele>58.25</ele></trkpt>
   <trkpt lon="-0.162256" lat="51.158328"><ele>58.25</ele></trkpt>
   <trkpt lon="-0.162081" lat="51.157859"><ele>59.5</ele></trkpt>
   <trkpt lon="-0.161922" lat="51.157508"><ele>59.0</ele></trkpt>
   <trkpt lon="-0.161850" lat="51.157337"><ele>59.0</ele></trkpt>
   <trkpt lon="-0.161780" lat="51.157084"><ele>58.75</ele></trkpt>
   <trkpt lon="-0.161742" lat="51.156868"><ele>58.5</ele></trkpt>
   <trkpt lon="-0.161721" lat="51.156794"><ele>58.5</ele></trkpt>
   <trkpt lon="-0.161609" lat="51.156377"><ele>58.5</ele></trkpt>
   <trkpt lon="-0.161449" lat="51.155604"><ele>58.75</ele></trkpt>
   <trkpt lon="-0.161390" lat="51.155264"><ele>59.0</ele></trkpt>
   <trkpt lon="-0.161372" lat="51.155176"><ele>59.0</ele></trkpt>
   <trkpt lon="-0.161372" lat="51.155167"><ele>59.0</ele></trkpt>
   <trkpt lon="-0.161385" lat="51.155158"><ele>59.0</ele></trkpt>
   <trkpt lon="-0.161404" lat="51.155152"><ele>59.0</ele></trkpt>
   <trkpt lon="-0.161557" lat="51.155150"><ele>59.0</ele></trkpt>
   <trkpt lon="-0.161584" lat="51.155145"><ele>59.0</ele></trkpt>
   <trkpt lon="-0.161613" lat="51.155124"><ele>59.0</ele></trkpt>
   <trkpt lon="-0.161632" lat="51.154794"><ele>59.0</ele></trkpt>
   <trkpt lon="-0.161613" lat="51.154530"><ele>59.0</ele></trkpt>
   <trkpt lon="-0.161606" lat="51.154464"><ele>59.0</ele></trkpt>
   <trkpt lon="-0.161589" lat="51.154447"><ele>59.0</ele></trkpt>
   <trkpt lon="-0.161565" lat="51.154436"><ele>58.75</ele></trkpt>
   <trkpt lon="-0.161449" lat="51.154407"><ele>58.75</ele></trkpt>
   <trkpt lon="-0.161268" lat="51.154386"><ele>58.75</ele></trkpt>
   <trkpt lon="-0.161239" lat="51.154373"><ele>58.75</ele></trkpt>
   <trkpt lon="-0.161231" lat="51.154361"><ele>58.75</ele></trkpt>
   <trkpt lon="-0.161231" lat="51.154310"><ele>58.75</ele></trkpt>
   <trkpt lon="-0.161261" lat="51.154194"><ele>58.5</ele></trkpt>
   <trkpt lon="-0.161359" lat="51.154004"><ele>58.0</ele></trkpt>
   <trkpt lon="-0.161395" lat="51.153791"><ele>58.0</ele></trkpt>
   <trkpt lon="-0.161380" lat="51.153606"><ele>58.0</ele></trkpt>
   <trkpt lon="-0.161397" lat="51.152966"><ele>58.0</ele></trkpt>
   <trkpt lon="-0.161333" lat="51.152164"><ele>59.25</ele></trkpt>
   <trkpt lon="-0.161341" lat="51.152113"><ele>59.25</ele></trkpt>
   <trkpt lon="-0.161376" lat="51.152034"><ele>59.0</ele></trkpt>
   <trkpt lon="-0.161380" lat="51.151995"><ele>59.0</ele></trkpt>
   <trkpt lon="-0.161409" lat="51.151390"><ele>59.0</ele></trkpt>
   <trkpt lon="-0.161397" lat="51.150797"><ele>59.0</ele></trkpt>
   <trkpt lon="-0.161416" lat="51.149946"><ele>59.0</ele></trkpt>
   <trkpt lon="-0.161416" lat="51.148728"><ele>60.0</ele></trkpt>
   <trkpt lon="-0.161446" lat="51.148451"><ele>60.0</ele></trkpt>
   <trkpt lon="-0.161446" lat="51.148336"><ele>60.0</ele></trkpt>
   <trkpt lon="-0.161342" lat="51.147844"><ele>59.75</ele></trkpt>
   <trkpt lon="-0.161338" lat="51.147692"><ele>60.0</ele></trkpt>
   <trkpt lon="-0.161346" lat="51.147517"><ele>60.0</ele></trkpt>
   <trkpt lon="-0.161414" lat="51.147464"><ele>60.0</ele></trkpt>
   <trkpt lon="-0.161517" lat="51.147414"><ele>60.0</ele></trkpt>
   <trkpt lon="-0.161544" lat="51.147401"><ele>60.0</ele></trkpt>
   <trkpt lon="-0.161574" lat="51.147385"><ele>60.0</ele></trkpt>
   <trkpt lon="-0.161453" lat="51.147292"><ele>60.0</ele></trkpt>
   <trkpt lon="-0.161342" lat="51.147209"><ele>60.0</ele></trkpt>
   <trkpt lon="-0.161310" lat="51.147173"><ele>60.0</ele></trkpt>
   <trkpt lon="-0.161301" lat="51.146633"><ele>60.0</ele></trkpt>
   <trkpt lon="-0.161295" lat="51.146453"><ele>60.5</ele></trkpt>
   <trkpt lon="-0.161296" lat="51.146322"><ele>60.5</ele></trkpt>
   <trkpt lon="-0.161297" lat="51.146191"><ele>60.75</ele></trkpt>
   <trkpt lon="-0.161302" lat="51.146066"><ele>60.75</ele></trkpt>
   <trkpt lon="-0.161303" lat="51.146028"><ele>60.75</ele></trkpt>
   <trkpt lon="-0.161337" lat="51.145949"><ele>60.75</ele></trkpt>
   <trkpt lon="-0.161369" lat="51.145921"><ele>60.75</ele></trkpt>
   <trkpt lon="-0.161424" lat="51.145910"><ele>60.75</ele></trkpt>
   <trkpt lon="-0.161579" lat="51.145912"><ele>61.0</ele></trkpt>
   <trkpt lon="-0.161720" lat="51.145914"><ele>61.0</ele></trkpt>
   <trkpt lon="-0.162002" lat="51.145915"><ele>61.0</ele></trkpt>
   <trkpt lon="-0.162098" lat="51.145915"><ele>61.0</ele></trkpt>
   <trkpt lon="-0.162253" lat="51.145901"><ele>61.0</ele></trkpt>
   <trkpt lon="-0.162336" lat="51.145876"><ele>61.0</ele></trkpt>
   <trkpt lon="-0.162354" lat="51.145859"><ele>61.0</ele></trkpt>
   <trkpt lon="-0.162382" lat="51.145797"><ele>61.0</ele></trkpt>
   <trkpt lon="-0.162391" lat="51.145752"><ele>61.0</ele></trkpt>
   <trkpt lon="-0.162396" lat="51.144743"><ele>61.75</ele></trkpt>
   <trkpt lon="-0.162391" lat="51.144711"><ele>62.0</ele></trkpt>
   <trkpt lon="-0.162358" lat="51.144653"><ele>62.0</ele></trkpt>
   <trkpt lon="-0.162321" lat="51.144622"><ele>62.0</ele></trkpt>
   <trkpt lon="-0.162304" lat="51.144585"><ele>62.0</ele></trkpt>
   <trkpt lon="-0.162317" lat="51.144526"><ele>62.0</ele></trkpt>
   <trkpt lon="-0.162372" lat="51.144484"><ele>62.0</ele></trkpt>
   <trkpt lon="-0.162434" lat="51.144417"><ele>62.0</ele></trkpt>
   <trkpt lon="-0.162479" lat="51.144351"><ele>62.0</ele></trkpt>
   <trkpt lon="-0.162503" lat="51.144169"><ele>62.0</ele></trkpt>
   <trkpt lon="-0.162538" lat="51.144088"><ele>62.0</ele></trkpt>
   <trkpt lon="-0.162565" lat="51.144047"><ele>62.0</ele></trkpt>
   <trkpt lon="-0.162612" lat="51.144001"><ele>62.0</ele></trkpt>
   <trkpt lon="-0.162709" lat="51.143928"><ele>62.0</ele></trkpt>
   <trkpt lon="-0.162727" lat="51.143888"><ele>62.0</ele></trkpt>
   <trkpt lon="-0.162760" lat="51.143846"><ele>62.0</ele></trkpt>
   <trkpt lon="-0.162853" lat="51.143799"><ele>62.0</ele></trkpt>
   <trkpt lon="-0.162977" lat="51.143755"><ele>62.0</ele></trkpt>
   <trkpt lon="-0.163610" lat="51.143564"><ele>62.0</ele></trkpt>
   <trkpt lon="-0.163714" lat="51.143531"><ele>62.0</ele></trkpt>
   <trkpt lon="-0.163985" lat="51.143449"><ele>62.0</ele></trkpt>
   <trkpt lon="-0.164156" lat="51.143380"><ele>62.0</ele></trkpt>
   <trkpt lon="-0.164221" lat="51.143345"><ele>62.0</ele></trkpt>
   <trkpt lon="-0.164309" lat="51.143275"><ele>62.5</ele></trkpt>
   <trkpt lon="-0.164336" lat="51.143226"><ele>62.75</ele></trkpt>
   <trkpt lon="-0.164338" lat="51.143176"><ele>62.75</ele></trkpt>
   <trkpt lon="-0.164097" lat="51.142743"><ele>63.0</ele></trkpt>
   <trkpt lon="-0.163971" lat="51.142487"><ele>63.0</ele></trkpt>
   <trkpt lon="-0.163729" lat="51.142071"><ele>63.0</ele></trkpt>
   <trkpt lon="-0.163669" lat="51.141970"><ele>63.0</ele></trkpt>
   <trkpt lon="-0.163577" lat="51.141924"><ele>63.0</ele></trkpt>
   <trkpt lon="-0.163327" lat="51.141892"><ele>63.0</ele></trkpt>
   <trkpt lon="-0.163346" lat="51.141852"><ele>63.0</ele></trkpt>
   <trkpt lon="-0.163341" lat="51.141739"><ele>63.0</ele></trkpt>
   <trkpt lon="-0.163507" lat="51.141665"><ele>63.0</ele></trkpt>
   <trkpt lon="-0.163618" lat="51.141594"><ele>63.25</ele></trkpt>
   <trkpt lon="-0.163678" lat="51.141549"><ele>63.25</ele></trkpt>
   <trkpt lon="-0.163824" lat="51.141413"><ele>63.25</ele></trkpt>
   <trkpt lon="-0.163913" lat="51.141286"><ele>63.0</ele></trkpt>
   <trkpt lon="-0.163951" lat="51.141215"><ele>63.0</ele></trkpt>
   <trkpt lon="-0.164146" lat="51.140732"><ele>64.0</ele></trkpt>
   <trkpt lon="-0.164246" lat="51.140452"><ele>64.0</ele></trkpt>
   <trkpt lon="-0.164370" lat="51.139863"><ele>64.25</ele></trkpt>
   <trkpt lon="-0.164388" lat="51.139654"><ele>64.75</ele></trkpt>
   <trkpt lon="-0.164392" lat="51.139120"><ele>65.0</ele></trkpt>
   <trkpt lon="-0.164403" lat="51.138841"><ele>65.0</ele></trkpt>
   <trkpt lon="-0.164413" lat="51.138696"><ele>65.5</ele></trkpt>
   <trkpt lon="-0.164444" lat="51.138567"><ele>66.0</ele></trkpt>
   <trkpt lon="-0.164519" lat="51.138271"><ele>66.0</ele></trkpt>
   <trkpt lon="-0.164586" lat="51.138035"><ele>66.0</ele></trkpt>
   <trkpt lon="-0.164694" lat="51.137687"><ele>66.0</ele></trkpt>
   <trkpt lon="-0.164856" lat="51.137706"><ele>66.0</ele></trkpt>
   <trkpt lon="-0.164999" lat="51.137132"><ele>66.0</ele></trkpt>
   <trkpt lon="-0.164995" lat="51.136948"><ele>66.0</ele></trkpt>
   <trkpt lon="-0.165043" lat="51.136655"><ele>66.0</ele></trkpt>
   <trkpt lon="-0.165075" lat="51.136541"><ele>66.0</ele></trkpt>
   <trkpt lon="-0.165194" lat="51.136285"><ele>66.25</ele></trkpt>
   <trkpt lon="-0.165346" lat="51.135983"><ele>66.75</ele></trkpt>
   <trkpt lon="-0.165577" lat="51.135689"><ele>66.25</ele></trkpt>
   <trkpt lon="-0.165756" lat="51.135491"><ele>66.25</ele></trkpt>
   <trkpt lon="-0.165890" lat="51.135366"><ele>66.0</ele></trkpt>
   <trkpt lon="-0.166109" lat="51.135203"><ele>66.0</ele></trkpt>
   <trkpt lon="-0.166215" lat="51.135144"><ele>66.0</ele></trkpt>
   <trkpt lon="-0.166265" lat="51.135127"><ele>66.0</ele></trkpt>
   <trkpt lon="-0.166307" lat="51.135125"><ele>66.0</ele></trkpt>
   <trkpt lon="-0.166598" lat="51.135202"><ele>66.0</ele></trkpt>
   <trkpt lon="-0.167252" lat="51.135366"><ele>66.0</ele></trkpt>
   <trkpt lon="-0.167871" lat="51.135517"><ele>65.75</ele></trkpt>
   <trkpt lon="-0.168683" lat="51.135716"><ele>66.25</ele></trkpt>
   <trkpt lon="-0.168997" lat="51.135781"><ele>65.25</ele></trkpt>
   <trkpt lon="-0.169184" lat="51.135811"><ele>65.0</ele></trkpt>
   <trkpt lon="-0.169595" lat="51.135858"><ele>64.5</ele></trkpt>
   <trkpt lon="-0.169998" lat="51.135857"><ele>64.0</ele></trkpt>
   <trkpt lon="-0.170459" lat="51.135817"><ele>63.75</ele></trkpt>
   <trkpt lon="-0.170988" lat="51.135703"><ele>63.0</ele></trkpt>
   <trkpt lon="-0.171743" lat="51.135540"><ele>62.75</ele></trkpt>
   <trkpt lon="-0.172865" lat="51.135299"><ele>61.75</ele></trkpt>
   <trkpt lon="-0.172952" lat="51.135290"><ele>61.75</ele></trkpt>
   <trkpt lon="-0.173809" lat="51.135149"><ele>62.5</ele></trkpt>
   <trkpt lon="-0.173909" lat="51.135145"><ele>62.5</ele></trkpt>
   <trkpt lon="-0.174255" lat="51.135116"><ele>62.25</ele></trkpt>
   <trkpt lon="-0.174244" lat="51.135086"><ele>62.25</ele></trkpt>
   <trkpt lon="-0.174214" lat="51.135015"><ele>62.0</ele></trkpt>
   <trkpt lon="-0.174204" lat="51.134954"><ele>62.0</ele></trkpt>
   <trkpt lon="-0.174445" lat="51.134930"><ele>62.25</ele></trkpt>
   <trkpt lon="-0.174361" lat="51.134442"><ele>62.75</ele></trkpt>
   <trkpt lon="-0.174317" lat="51.134180"><ele>62.75</ele></trkpt>
   <trkpt lon="-0.174262" lat="51.133846"><ele>63.0</ele></trkpt>
   <trkpt lon="-0.174233" lat="51.133729"><ele>63.0</ele></trkpt>
   <trkpt lon="-0.174222" lat="51.133633"><ele>63.0</ele></trkpt>
   <trkpt lon="-0.174218" lat="51.133610"><ele>63.0</ele></trkpt>
   <trkpt lon="-0.174151" lat="51.133170"><ele>63.0</ele></trkpt>
   <trkpt lon="-0.174135" lat="51.133074"><ele>63.0</ele></trkpt>
   <trkpt lon="-0.174065" lat="51.132660"><ele>64.0</ele></trkpt>
   <trkpt lon="-0.174024" lat="51.132419"><ele>64.25</ele></trkpt>
   <trkpt lon="-0.174006" lat="51.132316"><ele>64.5</ele></trkpt>
   <trkpt lon="-0.173943" lat="51.132146"><ele>65.0</ele></trkpt>
   <trkpt lon="-0.173725" lat="51.131575"><ele>65.25</ele></trkpt>
   <trkpt lon="-0.173714" lat="51.131547"><ele>65.25</ele></trkpt>
   <trkpt lon="-0.173645" lat="51.131374"><ele>66.0</ele></trkpt>
   <trkpt lon="-0.173506" lat="51.131019"><ele>66.25</ele></trkpt>
   <trkpt lon="-0.173302" lat="51.130503"><ele>67.0</ele></trkpt>
   <trkpt lon="-0.173439" lat="51.130483"><ele>67.0</ele></trkpt>
   <trkpt lon="-0.173735" lat="51.130425"><ele>67.0</ele></trkpt>
   <trkpt lon="-0.173681" lat="51.130288"><ele>67.0</ele></trkpt>
   <trkpt lon="-0.173630" lat="51.130166"><ele>67.25</ele></trkpt>
   <trkpt lon="-0.173605" lat="51.130128"><ele>67.5</ele></trkpt>
   <trkpt lon="-0.173561" lat="51.130081"><ele>67.5</ele></trkpt>
   <trkpt lon="-0.173494" lat="51.130029"><ele>67.75</ele></trkpt>
   <trkpt lon="-0.173053" lat="51.129718"><ele>67.0</ele></trkpt>
   <trkpt lon="-0.172994" lat="51.129669"><ele>67.0</ele></trkpt>
   <trkpt lon="-0.172947" lat="51.129612"><ele>67.0</ele></trkpt>
   <trkpt lon="-0.172888" lat="51.129439"><ele>67.0</ele></trkpt>
   <trkpt lon="-0.172870" lat="51.129318"><ele>67.25</ele></trkpt>
   <trkpt lon="-0.172896" lat="51.129243"><ele>67.5</ele></trkpt>
   <trkpt lon="-0.173057" lat="51.128882"><ele>68.0</ele></trkpt>
   <trkpt lon="-0.173069" lat="51.128830"><ele>68.0</ele></trkpt>
   <trkpt lon="-0.173065" lat="51.128793"><ele>68.0</ele></trkpt>
   <trkpt lon="-0.172992" lat="51.128687"><ele>68.0</ele></trkpt>
   <trkpt lon="-0.172693" lat="51.128328"><ele>68.5</ele></trkpt>
   <trkpt lon="-0.172620" lat="51.128267"><ele>68.25</ele></trkpt>
   <trkpt lon="-0.172466" lat="51.128182"><ele>68.0</ele></trkpt>
   <trkpt lon="-0.172522" lat="51.128143"><ele>68.0</ele></trkpt>
   <trkpt lon="-0.172566" lat="51.128081"><ele>68.0</ele></trkpt>
   <trkpt lon="-0.172577" lat="51.128038"><ele>68.25</ele></trkpt>
   <trkpt lon="-0.172574" lat="51.127992"><ele>68.0</ele></trkpt>
   <trkpt lon="-0.172523" lat="51.127786"><ele>68.0</ele></trkpt>
   <trkpt lon="-0.172263" lat="51.126755"><ele>66.25</ele></trkpt>
   <trkpt lon="-0.172261" lat="51.126746"><ele>66.25</ele></trkpt>
   <trkpt lon="-0.172220" lat="51.126588"><ele>65.5</ele></trkpt>
   <trkpt lon="-0.172160" lat="51.126496"><ele>65.25</ele></trkpt>
   <trkpt lon="-0.171942" lat="51.126254"><ele>65.0</ele></trkpt>
   <trkpt lon="-0.171831" lat="51.126045"><ele>65.25</ele></trkpt>
   <trkpt lon="-0.171750" lat="51.125823"><ele>65.0</ele></trkpt>
   <trkpt lon="-0.171673" lat="51.125774"><ele>65.0</ele></trkpt>
   <trkpt lon="-0.171657" lat="51.125693"><ele>65.0</ele></trkpt>
   <trkpt lon="-0.171567" lat="51.125384"><ele>65.75</ele></trkpt>
   <trkpt lon="-0.171532" lat="51.125362"><ele>65.75</ele></trkpt>
   <trkpt lon="-0.171393" lat="51.125355"><ele>65.75</ele></trkpt>
   <trkpt lon="-0.171390" lat="51.125306"><ele>65.75</ele></trkpt>
   <trkpt lon="-0.171391" lat="51.124946"><ele>66.0</ele></trkpt>
   <trkpt lon="-0.171374" lat="51.124859"><ele>66.5</ele></trkpt>
   <trkpt lon="-0.171322" lat="51.124800"><ele>66.75</ele></trkpt>
   <trkpt lon="-0.171095" lat="51.124658"><ele>67.25</ele></trkpt>
   <trkpt lon="-0.170902" lat="51.124595"><ele>68.0</ele></trkpt>
   <trkpt lon="-0.170730" lat="51.124549"><ele>68.5</ele></trkpt>
   <trkpt lon="-0.170538" lat="51.124499"><ele>68.75</ele></trkpt>
   <trkpt lon="-0.170485" lat="51.124472"><ele>68.75</ele></trkpt>
   <trkpt lon="-0.170403" lat="51.124423"><ele>69.0</ele></trkpt>
   <trkpt lon="-0.170215" lat="51.124557"><ele>69.0</ele></trkpt>
   <trkpt lon="-0.169603" lat="51.124436"><ele>70.0</ele></trkpt>
   <trkpt lon="-0.169559" lat="51.124399"><ele>70.0</ele></trkpt>
   <trkpt lon="-0.169615" lat="51.124262"><ele>70.25</ele></trkpt>
   <trkpt lon="-0.169554" lat="51.124247"><ele>70.25</ele></trkpt>
   <trkpt lon="-0.169663" lat="51.124025"><ele>70.5</ele></trkpt>
   <trkpt lon="-0.169745" lat="51.123783"><ele>70.75</ele></trkpt>
   <trkpt lon="-0.169835" lat="51.123306"><ele>71.0</ele></trkpt>
   <trkpt lon="-0.169882" lat="51.123119"><ele>71.25</ele></trkpt>
   <trkpt lon="-0.169940" lat="51.122992"><ele>71.25</ele></trkpt>
   <trkpt lon="-0.170112" lat="51.122747"><ele>71.5</ele></trkpt>
   <trkpt lon="-0.170021" lat="51.122704"><ele>71.75</ele></trkpt>
   <trkpt lon="-0.169916" lat="51.122630"><ele>72.0</ele></trkpt>
   <trkpt lon="-0.169701" lat="51.122206"><ele>72.75</ele></trkpt>
   <trkpt lon="-0.169371" lat="51.121535"><ele>72.0</ele></trkpt>
   <trkpt lon="-0.169300" lat="51.121388"><ele>72.0</ele></trkpt>
   <trkpt lon="-0.169140" lat="51.121059"><ele>72.5</ele></trkpt>
   <trkpt lon="-0.169021" lat="51.120858"><ele>72.0</ele></trkpt>
   <trkpt lon="-0.168931" lat="51.120753"><ele>72.0</ele></trkpt>
   <trkpt lon="-0.168656" lat="51.120377"><ele>72.0</ele></trkpt>
   <trkpt lon="-0.168322" lat="51.119952"><ele>72.0</ele></trkpt>
   <trkpt lon="-0.168165" lat="51.119749"><ele>72.0</ele></trkpt>
   <trkpt lon="-0.167881" lat="51.119358"><ele>72.0</ele></trkpt>
   <trkpt lon="-0.167853" lat="51.119324"><ele>72.0</ele></trkpt>
   <trkpt lon="-0.167655" lat="51.118974"><ele>72.0</ele></trkpt>
   <trkpt lon="-0.167571" lat="51.118758"><ele>72.0</ele></trkpt>
   <trkpt lon="-0.167551" lat="51.118630"><ele>72.0</ele></trkpt>
   <trkpt lon="-0.167558" lat="51.118547"><ele>72.0</ele></trkpt>
   <trkpt lon="-0.167615" lat="51.118197"><ele>72.0</ele></trkpt>
   <trkpt lon="-0.167649" lat="51.117894"><ele>72.0</ele></trkpt>
   <trkpt lon="-0.167655" lat="51.117754"><ele>72.0</ele></trkpt>
   <trkpt lon="-0.167649" lat="51.117574"><ele>72.0</ele></trkpt>
   <trkpt lon="-0.167624" lat="51.117442"><ele>72.0</ele></trkpt>
   <trkpt lon="-0.167548" lat="51.117235"><ele>72.0</ele></trkpt>
   <trkpt lon="-0.167138" lat="51.116697"><ele>71.0</ele></trkpt>
   <trkpt lon="-0.166919" lat="51.116748"><ele>71.0</ele></trkpt>
   <trkpt lon="-0.166429" lat="51.116875"><ele>70.0</ele></trkpt>
   <trkpt lon="-0.166285" lat="51.116739"><ele>70.0</ele></trkpt>
   <trkpt lon="-0.165968" lat="51.116432"><ele>70.0</ele></trkpt>
   <trkpt lon="-0.165880" lat="51.116343"><ele>70.0</ele></trkpt>
   <trkpt lon="-0.166402" lat="51.116094"><ele>70.0</ele></trkpt>
   <trkpt lon="-0.166989" lat="51.115815"><ele>70.0</ele></trkpt>
   <trkpt lon="-0.167094" lat="51.115765"><ele>70.0</ele></trkpt>
   <trkpt lon="-0.166333" lat="51.115193"><ele>71.0</ele></trkpt>
   <trkpt lon="-0.167201" lat="51.114831"><ele>71.5</ele></trkpt>
   <trkpt lon="-0.167156" lat="51.114755"><ele>71.75</ele></trkpt>
   <trkpt lon="-0.167082" lat="51.114617"><ele>72.25</ele></trkpt>
   <trkpt lon="-0.167319" lat="51.114349"><ele>73.5</ele></trkpt>
   <trkpt lon="-0.167582" lat="51.114077"><ele>74.25</ele></trkpt>
   <trkpt lon="-0.167794" lat="51.113788"><ele>74.75</ele></trkpt>
   <trkpt lon="-0.167964" lat="51.113428"><ele>76.0</ele></trkpt>
   <trkpt lon="-0.167991" lat="51.113373"><ele>76.5</ele></trkpt>
   <trkpt lon="-0.168063" lat="51.113129"><ele>78.25</ele></trkpt>
   <trkpt lon="-0.168074" lat="51.112823"><ele>78.0</ele></trkpt>
   <trkpt lon="-0.168041" lat="51.112647"><ele>78.75</ele></trkpt>
   <trkpt lon="-0.168027" lat="51.112583"><ele>79.0</ele></trkpt>
   <trkpt lon="-0.168013" lat="51.112520"><ele>79.5</ele></trkpt>
   <trkpt lon="-0.168020" lat="51.112245"><ele>78.75</ele></trkpt>
   <trkpt lon="-0.168083" lat="51.111843"><ele>78.5</ele></trkpt>
   <trkpt lon="-0.168149" lat="51.111596"><ele>78.0</ele></trkpt>
   <trkpt lon="-0.168272" lat="51.111155"><ele>78.0</ele></trkpt>
   <trkpt lon="-0.168304" lat="51.111102"><ele>78.0</ele></trkpt>
   <trkpt lon="-0.168332" lat="51.111047"><ele>78.0</ele></trkpt>
   <trkpt lon="-0.168503" lat="51.110384"><ele>78.5</ele></trkpt>
   <trkpt lon="-0.168499" lat="51.110296"><ele>78.25</ele></trkpt>
   <trkpt lon="-0.168430" lat="51.110089"><ele>77.75</ele></trkpt>
   <trkpt lon="-0.168227" lat="51.109567"><ele>73.75</ele></trkpt>
   <trkpt lon="-0.168219" lat="51.109542"><ele>73.5</ele></trkpt>
   <trkpt lon="-0.168200" lat="51.109492"><ele>73.25</ele></trkpt>
   <trkpt lon="-0.168178" lat="51.109436"><ele>72.75</ele></trkpt>
   <trkpt lon="-0.168081" lat="51.109218"><ele>72.0</ele></trkpt>
   <trkpt lon="-0.168068" lat="51.109177"><ele>72.0</ele></trkpt>
   <trkpt lon="-0.167982" lat="51.108981"><ele>72.25</ele></trkpt>
   <trkpt lon="-0.167873" lat="51.108691"><ele>72.75</ele></trkpt>
   <trkpt lon="-0.167736" lat="51.108356"><ele>73.0</ele></trkpt>
   <trkpt lon="-0.167690" lat="51.108172"><ele>73.0</ele></trkpt>
   <trkpt lon="-0.167656" lat="51.108014"><ele>73.0</ele></trkpt>
   <trkpt lon="-0.167565" lat="51.107569"><ele>73.0</ele></trkpt>
   <trkpt lon="-0.167533" lat="51.107399"><ele>73.0</ele></trkpt>
   <trkpt lon="-0.167509" lat="51.107283"><ele>73.0</ele></trkpt>
   <trkpt lon="-0.167486" lat="51.107151"><ele>73.0</ele></trkpt>
   <trkpt lon="-0.167452" lat="51.106945"><ele>73.0</ele></trkpt>
   <trkpt lon="-0.167429" lat="51.106810"><ele>73.0</ele></trkpt>
   <trkpt lon="-0.167416" lat="51.106766"><ele>73.0</ele></trkpt>
   <trkpt lon="-0.167476" lat="51.106755"><ele>73.0</ele></trkpt>
   <trkpt lon="-0.167432" lat="51.106669"><ele>73.0</ele></trkpt>
   <trkpt lon="-0.167183" lat="51.106047"><ele>74.5</ele></trkpt>
   <trkpt lon="-0.167110" lat="51.105824"><ele>76.0</ele></trkpt>
   <trkpt lon="-0.167098" lat="51.105738"><ele>76.0</ele></trkpt>
   <trkpt lon="-0.167100" lat="51.105655"><ele>76.0</ele></trkpt>
   <trkpt lon="-0.167157" lat="51.105492"><ele>76.0</ele></trkpt>
   <trkpt lon="-0.167292" lat="51.105225"><ele>76.25</ele></trkpt>
   <trkpt lon="-0.167333" lat="51.105105"><ele>76.75</ele></trkpt>
   <trkpt lon="-0.167404" lat="51.104800"><ele>77.0</ele></trkpt>
   <trkpt lon="-0.167428" lat="51.104708"><ele>77.0</ele></trkpt>
   <trkpt lon="-0.167055" lat="51.104678"><ele>77.0</ele></trkpt>
   <trkpt lon="-0.166734" lat="51.104669"><ele>76.0</ele></trkpt>
   <trkpt lon="-0.166567" lat="51.104671"><ele>76.0</ele></trkpt>
   <trkpt lon="-0.165859" lat="51.104691"><ele>75.0</ele></trkpt>
   <trkpt lon="-0.165173" lat="51.104783"><ele>74.75</ele></trkpt>
   <trkpt lon="-0.164651" lat="51.104883"><ele>75.25</ele></trkpt>
   <trkpt lon="-0.163929" lat="51.105060"><ele>74.75</ele></trkpt>
   <trkpt lon="-0.163801" lat="51.104910"><ele>75.5</ele></trkpt>
   <trkpt lon="-0.163609" lat="51.104533"><ele>77.0</ele></trkpt>
   <trkpt lon="-0.163582" lat="51.104479"><ele>77.0</ele></trkpt>
   <trkpt lon="-0.163074" lat="51.103513"><ele>80.25</ele></trkpt>
   <trkpt lon="-0.162904" lat="51.103213"><ele>81.5</ele></trkpt>
   <trkpt lon="-0.162857" lat="51.103178"><ele>81.75</ele></trkpt>
   <trkpt lon="-0.162832" lat="51.103129"><ele>82.25</ele></trkpt>
   <trkpt lon="-0.162842" lat="51.103015"><ele>82.75</ele></trkpt>
   <trkpt lon="-0.162862" lat="51.102792"><ele>83.5</ele></trkpt>
   <trkpt lon="-0.162813" lat="51.102527"><ele>84.75</ele></trkpt>
   <trkpt lon="-0.162829" lat="51.102375"><ele>85.0</ele></trkpt>
   <trkpt lon="-0.162828" lat="51.102179"><ele>85.0</ele></trkpt>
   <trkpt lon="-0.162864" lat="51.101823"><ele>85.25</ele></trkpt>
   <trkpt lon="-0.162814" lat="51.101778"><ele>85.0</ele></trkpt>
   <trkpt lon="-0.162780" lat="51.101714"><ele>85.0</ele></trkpt>
   <trkpt lon="-0.162789" lat="51.101654"><ele>85.0</ele></trkpt>
   <trkpt lon="-0.163559" lat="51.101020"><ele>86.75</ele></trkpt>
   <trkpt lon="-0.163499" lat="51.100797"><ele>86.5</ele></trkpt>
   <trkpt lon="-0.163287" lat="51.100275"><ele>85.75</ele></trkpt>
   <trkpt lon="-0.163261" lat="51.100160"><ele>85.5</ele></trkpt>
   <trkpt lon="-0.163056" lat="51.099412"><ele>86.0</ele></trkpt>
   <trkpt lon="-0.163020" lat="51.099158"><ele>88.0</ele></trkpt>
   <trkpt lon="-0.163076" lat="51.098776"><ele>89.25</ele></trkpt>
   <trkpt lon="-0.163126" lat="51.098664"><ele>89.75</ele></trkpt>
   <trkpt lon="-0.163318" lat="51.098416"><ele>90.5</ele></trkpt>
   <trkpt lon="-0.163378" lat="51.098279"><ele>91.0</ele></trkpt>
   <trkpt lon="-0.163520" lat="51.097679"><ele>92.0</ele></trkpt>
   <trkpt lon="-0.163846" lat="51.096871"><ele>91.5</ele></trkpt>
   <trkpt lon="-0.164076" lat="51.096442"><ele>91.5</ele></trkpt>
   <trkpt lon="-0.164361" lat="51.095871"><ele>89.75</ele></trkpt>
   <trkpt lon="-0.164497" lat="51.095550"><ele>92.75</ele></trkpt>
   <trkpt lon="-0.165040" lat="51.094774"><ele>101.5</ele></trkpt>
   <trkpt lon="-0.165519" lat="51.093773"><ele>105.0</ele></trkpt>
   <trkpt lon="-0.165960" lat="51.092925"><ele>107.25</ele></trkpt>
   <trkpt lon="-0.166044" lat="51.092715"><ele>108.0</ele></trkpt>
   <trkpt lon="-0.166219" lat="51.092486"><ele>109.0</ele></trkpt>
   <trkpt lon="-0.166288" lat="51.092418"><ele>109.0</ele></trkpt>
   <trkpt lon="-0.166338" lat="51.092391"><ele>109.25</ele></trkpt>
   <trkpt lon="-0.166401" lat="51.092228"><ele>109.75</ele></trkpt>
   <trkpt lon="-0.166319" lat="51.092138"><ele>107.5</ele></trkpt>
   <trkpt lon="-0.165909" lat="51.091603"><ele>105.75</ele></trkpt>
   <trkpt lon="-0.165765" lat="51.091423"><ele>109.0</ele></trkpt>
   <trkpt lon="-0.165756" lat="51.091397"><ele>109.25</ele></trkpt>
   <trkpt lon="-0.165761" lat="51.091363"><ele>109.25</ele></trkpt>
   <trkpt lon="-0.165796" lat="51.091322"><ele>109.5</ele></trkpt>
   <trkpt lon="-0.165853" lat="51.091277"><ele>109.5</ele></trkpt>
   <trkpt lon="-0.165926" lat="51.091204"><ele>109.75</ele></trkpt>
   <trkpt lon="-0.166171" lat="51.091187"><ele>111.0</ele></trkpt>
   <trkpt lon="-0.166309" lat="51.091170"><ele>111.5</ele></trkpt>
   <trkpt lon="-0.166427" lat="51.091147"><ele>111.75</ele></trkpt>
   <trkpt lon="-0.166526" lat="51.091119"><ele>112.25</ele></trkpt>
   <trkpt lon="-0.166616" lat="51.091075"><ele>112.75</ele></trkpt>
   <trkpt lon="-0.166675" lat="51.091040"><ele>113.25</ele></trkpt>
   <trkpt lon="-0.166736" lat="51.090989"><ele>113.5</ele></trkpt>
   <trkpt lon="-0.167066" lat="51.090685"><ele>115.0</ele></trkpt>
   <trkpt lon="-0.167316" lat="51.090400"><ele>116.5</ele></trkpt>
   <trkpt lon="-0.167470" lat="51.090135"><ele>117.75</ele></trkpt>
   <trkpt lon="-0.167574" lat="51.089716"><ele>119.25</ele></trkpt>
   <trkpt lon="-0.167628" lat="51.089428"><ele>119.25</ele></trkpt>
   <trkpt lon="-0.167834" lat="51.088925"><ele>122.0</ele></trkpt>
   <trkpt lon="-0.167964" lat="51.088627"><ele>123.5</ele></trkpt>
   <trkpt lon="-0.168187" lat="51.088171"><ele>126.5</ele></trkpt>
   <trkpt lon="-0.168298" lat="51.087908"><ele>128.75</ele></trkpt>
   <trkpt lon="-0.168558" lat="51.087306"><ele>131.0</ele></trkpt>
   <trkpt lon="-0.168587" lat="51.087239"><ele>131.0</ele></trkpt>
   <trkpt lon="-0.169069" lat="51.086270"><ele>133.25</ele></trkpt>
   <trkpt lon="-0.169121" lat="51.086134"><ele>133.75</ele></trkpt>
   <trkpt lon="-0.169223" lat="51.085900"><ele>134.0</ele></trkpt>
   <trkpt lon="-0.169281" lat="51.085823"><ele>134.0</ele></trkpt>
   <trkpt lon="-0.170067" lat="51.085152"><ele>134.25</ele></trkpt>
   <trkpt lon="-0.170119" lat="51.085091"><ele>134.25</ele></trkpt>
   <trkpt lon="-0.170234" lat="51.084921"><ele>134.25</ele></trkpt>
   <trkpt lon="-0.170444" lat="51.084576"><ele>134.5</ele></trkpt>
   <trkpt lon="-0.170597" lat="51.084384"><ele>135.0</ele></trkpt>
   <trkpt lon="-0.170701" lat="51.084300"><ele>135.5</ele></trkpt>
   <trkpt lon="-0.170973" lat="51.084119"><ele>135.5</ele></trkpt>
   <trkpt lon="-0.171030" lat="51.084075"><ele>135.5</ele></trkpt>
   <trkpt lon="-0.171133" lat="51.083966"><ele>135.5</ele></trkpt>
   <trkpt lon="-0.171226" lat="51.083808"><ele>135.5</ele></trkpt>
   <trkpt lon="-0.171255" lat="51.083714"><ele>135.75</ele></trkpt>
   <trkpt lon="-0.171248" lat="51.083659"><ele>135.75</ele></trkpt>
   <trkpt lon="-0.171221" lat="51.083611"><ele>136.0</ele></trkpt>
   <trkpt lon="-0.171587" lat="51.083475"><ele>136.0</ele></trkpt>
   <trkpt lon="-0.172004" lat="51.083354"><ele>135.5</ele></trkpt>
   <trkpt lon="-0.173362" lat="51.082983"><ele>135.75</ele></trkpt>
   <trkpt lon="-0.174251" lat="51.082760"><ele>135.75</ele></trkpt>
   <trkpt lon="-0.176035" lat="51.082288"><ele>134.75</ele></trkpt>
   <trkpt lon="-0.176604" lat="51.082089"><ele>134.0</ele></trkpt>
   <trkpt lon="-0.176997" lat="51.081921"><ele>133.75</ele></trkpt>
   <trkpt lon="-0.177388" lat="51.081754"><ele>132.75</ele></trkpt>
   <trkpt lon="-0.178197" lat="51.081443"><ele>132.0</ele></trkpt>
   <trkpt lon="-0.178552" lat="51.081315"><ele>131.25</ele></trkpt>
   <trkpt lon="-0.178815" lat="51.081232"><ele>130.75</ele></trkpt>
   <trkpt lon="-0.179453" lat="51.081032"><ele>130.25</ele></trkpt>
   <trkpt lon="-0.179942" lat="51.080892"><ele>130.5</ele></trkpt>
   <trkpt lon="-0.180845" lat="51.080691"><ele>130.5</ele></trkpt>
   <trkpt lon="-0.180994" lat="51.080670"><ele>130.5</ele></trkpt>
   <trkpt lon="-0.181719" lat="51.080634"><ele>130.0</ele></trkpt>
   <trkpt lon="-0.182919" lat="51.080600"><ele>128.75</ele></trkpt>
   <trkpt lon="-0.183756" lat="51.080629"><ele>127.0</ele></trkpt>
   <trkpt lon="-0.183969" lat="51.080650"><ele>126.25</ele></trkpt>
   <trkpt lon="-0.184364" lat="51.080700"><ele>124.75</ele></trkpt>
   <trkpt lon="-0.184851" lat="51.080734"><ele>124.25</ele></trkpt>
   <trkpt lon="-0.185452" lat="51.080754"><ele>121.75</ele></trkpt>
   <trkpt lon="-0.185952" lat="51.080780"><ele>121.25</ele></trkpt>
   <trkpt lon="-0.186150" lat="51.080802"><ele>121.25</ele></trkpt>
   <trkpt lon="-0.186260" lat="51.080824"><ele>121.0</ele></trkpt>
   <trkpt lon="-0.186566" lat="51.080903"><ele>119.75</ele></trkpt>
   <trkpt lon="-0.186826" lat="51.080981"><ele>118.75</ele></trkpt>
   <trkpt lon="-0.187218" lat="51.081110"><ele>117.0</ele></trkpt>
   <trkpt lon="-0.187389" lat="51.081157"><ele>116.5</ele></trkpt>
   <trkpt lon="-0.187847" lat="51.081260"><ele>116.25</ele></trkpt>
   <trkpt lon="-0.188565" lat="51.081418"><ele>117.25</ele></trkpt>
   <trkpt lon="-0.188698" lat="51.081442"><ele>117.5</ele></trkpt>
   <trkpt lon="-0.188851" lat="51.081469"><ele>118.25</ele></trkpt>
   <trkpt lon="-0.189282" lat="51.081503"><ele>121.25</ele></trkpt>
   <trkpt lon="-0.189891" lat="51.081521"><ele>123.25</ele></trkpt>
   <trkpt lon="-0.190241" lat="51.081521"><ele>124.25</ele></trkpt>
   <trkpt lon="-0.190791" lat="51.081522"><ele>124.5</ele></trkpt>
   <trkpt lon="-0.191255" lat="51.081543"><ele>124.75</ele></trkpt>
   <trkpt lon="-0.191836" lat="51.081606"><ele>125.5</ele></trkpt>
   <trkpt lon="-0.192840" lat="51.081751"><ele>127.5</ele></trkpt>
   <trkpt lon="-0.196578" lat="51.082413"><ele>138.5</ele></trkpt>
   <trkpt lon="-0.197718" lat="51.082615"><ele>137.0</ele></trkpt>
   <trkpt lon="-0.197844" lat="51.082650"><ele>136.75</ele></trkpt>
   <trkpt lon="-0.197895" lat="51.082681"><ele>136.5</ele></trkpt>
   <trkpt lon="-0.197862" lat="51.082695"><ele>136.75</ele></trkpt>
   <trkpt lon="-0.197853" lat="51.082706"><ele>136.75</ele></trkpt>
   <trkpt lon="-0.197872" lat="51.082749"><ele>136.75</ele></trkpt>
   <trkpt lon="-0.197870" lat="51.082777"><ele>136.75</ele></trkpt>
   <trkpt lon="-0.197779" lat="51.082804"><ele>137.0</ele></trkpt>
   <trkpt lon="-0.197788" lat="51.082821"><ele>137.0</ele></trkpt>
   <trkpt lon="-0.197803" lat="51.082848"><ele>137.0</ele></trkpt>
   <trkpt lon="-0.197988" lat="51.082807"><ele>137.0</ele></trkpt>
   <trkpt lon="-0.198672" lat="51.082656"><ele>136.75</ele></trkpt>
   <trkpt lon="-0.198784" lat="51.082635"><ele>137.0</ele></trkpt>
   <trkpt lon="-0.198895" lat="51.082628"><ele>137.25</ele></trkpt>
   <trkpt lon="-0.199001" lat="51.082620"><ele>137.5</ele></trkpt>
   <trkpt lon="-0.199096" lat="51.082620"><ele>137.75</ele></trkpt>
   <trkpt lon="-0.199302" lat="51.082614"><ele>138.0</ele></trkpt>
   <trkpt lon="-0.199371" lat="51.082607"><ele>138.25</ele></trkpt>
   <trkpt lon="-0.199445" lat="51.082591"><ele>138.25</ele></trkpt>
   <trkpt lon="-0.199531" lat="51.082559"><ele>138.25</ele></trkpt>
   <trkpt lon="-0.199708" lat="51.082464"><ele>138.75</ele></trkpt>
   <trkpt lon="-0.199860" lat="51.082329"><ele>139.0</ele></trkpt>
   <trkpt lon="-0.200686" lat="51.081602"><ele>139.75</ele></trkpt>
   <trkpt lon="-0.200877" lat="51.081422"><ele>139.25</ele></trkpt>
   <trkpt lon="-0.201282" lat="51.081062"><ele>138.75</ele></trkpt>
   <trkpt lon="-0.201663" lat="51.080696"><ele>138.5</ele></trkpt>
   <trkpt lon="-0.201889" lat="51.080459"><ele>137.75</ele></trkpt>
   <trkpt lon="-0.202177" lat="51.080115"><ele>137.5</ele></trkpt>
   <trkpt lon="-0.202288" lat="51.079965"><ele>137.5</ele></trkpt>
   <trkpt lon="-0.202483" lat="51.079670"><ele>136.75</ele></trkpt>
   <trkpt lon="-0.202641" lat="51.079397"><ele>137.0</ele></trkpt>
   <trkpt lon="-0.202771" lat="51.079142"><ele>136.75</ele></trkpt>
   <trkpt lon="-0.202899" lat="51.078834"><ele>136.25</ele></trkpt>
   <trkpt lon="-0.202964" lat="51.078664"><ele>136.0</ele></trkpt>
   <trkpt lon="-0.203105" lat="51.078139"><ele>135.0</ele></trkpt>
   <trkpt lon="-0.203177" lat="51.077786"><ele>134.25</ele></trkpt>
   <trkpt lon="-0.203218" lat="51.077492"><ele>133.5</ele></trkpt>
   <trkpt lon="-0.203248" lat="51.077076"><ele>133.0</ele></trkpt>
   <trkpt lon="-0.203260" lat="51.076822"><ele>132.5</ele></trkpt>
   <trkpt lon="-0.203249" lat="51.076606"><ele>132.75</ele></trkpt>
   <trkpt lon="-0.203244" lat="51.076124"><ele>133.0</ele></trkpt>
   <trkpt lon="-0.203224" lat="51.075547"><ele>133.5</ele></trkpt>
   <trkpt lon="-0.203232" lat="51.075294"><ele>133.5</ele></trkpt>
   <trkpt lon="-0.203251" lat="51.074927"><ele>134.5</ele></trkpt>
   <trkpt lon="-0.203291" lat="51.074454"><ele>135.75</ele></trkpt>
   <trkpt lon="-0.203418" lat="51.073402"><ele>137.0</ele></trkpt>
   <trkpt lon="-0.203561" lat="51.072661"><ele>137.0</ele></trkpt>
   <trkpt lon="-0.203678" lat="51.071997"><ele>137.75</ele></trkpt>
   <trkpt lon="-0.203715" lat="51.071781"><ele>138.0</ele></trkpt>
   <trkpt lon="-0.203730" lat="51.071636"><ele>138.0</ele></trkpt>
   <trkpt lon="-0.203739" lat="51.071313"><ele>138.0</ele></trkpt>
   <trkpt lon="-0.203731" lat="51.071221"><ele>138.25</ele></trkpt>
   <trkpt lon="-0.203691" lat="51.071002"><ele>138.75</ele></trkpt>
   <trkpt lon="-0.203610" lat="51.070738"><ele>139.0</ele></trkpt>
   <trkpt lon="-0.203463" lat="51.070367"><ele>139.25</ele></trkpt>
   <trkpt lon="-0.203323" lat="51.070058"><ele>139.0</ele></trkpt>
   <trkpt lon="-0.203315" lat="51.069996"><ele>139.0</ele></trkpt>
   <trkpt lon="-0.203323" lat="51.069902"><ele>139.25</ele></trkpt>
   <trkpt lon="-0.203392" lat="51.069749"><ele>139.75</ele></trkpt>
   <trkpt lon="-0.203463" lat="51.069636"><ele>140.0</ele></trkpt>
   <trkpt lon="-0.203457" lat="51.069599"><ele>140.0</ele></trkpt>
   <trkpt lon="-0.203470" lat="51.069559"><ele>140.0</ele></trkpt>
   <trkpt lon="-0.203358" lat="51.069316"><ele>139.75</ele></trkpt>
   <trkpt lon="-0.203336" lat="51.069237"><ele>139.75</ele></trkpt>
   <trkpt lon="-0.202621" lat="51.067885"><ele>140.5</ele></trkpt>
   <trkpt lon="-0.202554" lat="51.067754"><ele>140.75</ele></trkpt>
   <trkpt lon="-0.201551" lat="51.065786"><ele>142.75</ele></trkpt>
   <trkpt lon="-0.201456" lat="51.065530"><ele>142.75</ele></trkpt>
   <trkpt lon="-0.201433" lat="51.065467"><ele>142.75</ele></trkpt>
   <trkpt lon="-0.201394" lat="51.065365"><ele>142.75</ele></trkpt>
   <trkpt lon="-0.200964" lat="51.064258"><ele>144.0</ele></trkpt>
   <trkpt lon="-0.200297" lat="51.062644"><ele>145.0</ele></trkpt>
   <trkpt lon="-0.200136" lat="51.062206"><ele>145.5</ele></trkpt>
   <trkpt lon="-0.200075" lat="51.062020"><ele>145.5</ele></trkpt>
   <trkpt lon="-0.199735" lat="51.061162"><ele>146.75</ele></trkpt>
   <trkpt lon="-0.199545" lat="51.060743"><ele>147.5</ele></trkpt>
   <trkpt lon="-0.199493" lat="51.060654"><ele>147.75</ele></trkpt>
   <trkpt lon="-0.199426" lat="51.060466"><ele>147.75</ele></trkpt>
   <trkpt lon="-0.199303" lat="51.059836"><ele>148.25</ele></trkpt>
   <trkpt lon="-0.199270" lat="51.059719"><ele>148.25</ele></trkpt>
   <trkpt lon="-0.199252" lat="51.059643"><ele>148.0</ele></trkpt>
   <trkpt lon="-0.199170" lat="51.059416"><ele>148.0</ele></trkpt>
   <trkpt lon="-0.198799" lat="51.058663"><ele>148.75</ele></trkpt>
   <trkpt lon="-0.198652" lat="51.058403"><ele>149.5</ele></trkpt>
   <trkpt lon="-0.198232" lat="51.057748"><ele>152.0</ele></trkpt>
   <trkpt lon="-0.198167" lat="51.057623"><ele>152.0</ele></trkpt>
   <trkpt lon="-0.198135" lat="51.057541"><ele>152.0</ele></trkpt>
   <trkpt lon="-0.198228" lat="51.057120"><ele>152.5</ele></trkpt>
   <trkpt lon="-0.198251" lat="51.057047"><ele>152.5</ele></trkpt>
   <trkpt lon="-0.198643" lat="51.056335"><ele>153.0</ele></trkpt>
   <trkpt lon="-0.198778" lat="51.056149"><ele>153.0</ele></trkpt>
   <trkpt lon="-0.198793" lat="51.056118"><ele>153.0</ele></trkpt>
   <trkpt lon="-0.198898" lat="51.055867"><ele>153.75</ele></trkpt>
   <trkpt lon="-0.199330" lat="51.055145"><ele>153.0</ele></trkpt>
   <trkpt lon="-0.199448" lat="51.054982"><ele>153.0</ele></trkpt>
   <trkpt lon="-0.199472" lat="51.054948"><ele>153.0</ele></trkpt>
   <trkpt lon="-0.199954" lat="51.054205"><ele>153.0</ele></trkpt>
   <trkpt lon="-0.200347" lat="51.053642"><ele>152.75</ele></trkpt>
   <trkpt lon="-0.200387" lat="51.053591"><ele>152.75</ele></trkpt>
   <trkpt lon="-0.200452" lat="51.053457"><ele>152.5</ele></trkpt>
   <trkpt lon="-0.200485" lat="51.053303"><ele>152.0</ele></trkpt>
   <trkpt lon="-0.200487" lat="51.053250"><ele>152.0</ele></trkpt>
   <trkpt lon="-0.200489" lat="51.053182"><ele>152.0</ele></trkpt>
   <trkpt lon="-0.200431" lat="51.052863"><ele>152.0</ele></trkpt>
   <trkpt lon="-0.200437" lat="51.052821"><ele>152.0</ele></trkpt>
   <trkpt lon="-0.200476" lat="51.052547"><ele>151.0</ele></trkpt>
   <trkpt lon="-0.200596" lat="51.051709"><ele>149.0</ele></trkpt>
   <trkpt lon="-0.200718" lat="51.050934"><ele>146.75</ele></trkpt>
   <trkpt lon="-0.200725" lat="51.050891"><ele>146.5</ele></trkpt>
   <trkpt lon="-0.200801" lat="51.050851"><ele>146.0</ele></trkpt>
   <trkpt lon="-0.200888" lat="51.050167"><ele>140.75</ele></trkpt>
   <trkpt lon="-0.200852" lat="51.050160"><ele>141.0</ele></trkpt>
   <trkpt lon="-0.200809" lat="51.050154"><ele>141.25</ele></trkpt>
   <trkpt lon="-0.200821" lat="51.049716"><ele>138.0</ele></trkpt>
   <trkpt lon="-0.200783" lat="51.049446"><ele>137.0</ele></trkpt>
   <trkpt lon="-0.200714" lat="51.049211"><ele>135.5</ele></trkpt>
   <trkpt lon="-0.200678" lat="51.049177"><ele>135.5</ele></trkpt>
   <trkpt lon="-0.200628" lat="51.049157"><ele>135.5</ele></trkpt>
   <trkpt lon="-0.200615" lat="51.049127"><ele>135.5</ele></trkpt>
   <trkpt lon="-0.200608" lat="51.049080"><ele>135.0</ele></trkpt>
   <trkpt lon="-0.200626" lat="51.049058"><ele>134.75</ele></trkpt>
   <trkpt lon="-0.200630" lat="51.049031"><ele>134.75</ele></trkpt>
   <trkpt lon="-0.200514" lat="51.048534"><ele>131.5</ele></trkpt>
   <trkpt lon="-0.200295" lat="51.047306"><ele>121.0</ele></trkpt>
   <trkpt lon="-0.200077" lat="51.046434"><ele>111.75</ele></trkpt>
   <trkpt lon="-0.199871" lat="51.045903"><ele>107.5</ele></trkpt>
   <trkpt lon="-0.199191" lat="51.044478"><ele>100.0</ele></trkpt>
   <trkpt lon="-0.198989" lat="51.043877"><ele>96.75</ele></trkpt>
   <trkpt lon="-0.198869" lat="51.043279"><ele>95.75</ele></trkpt>
   <trkpt lon="-0.198753" lat="51.042436"><ele>93.0</ele></trkpt>
   <trkpt lon="-0.198589" lat="51.041714"><ele>88.75</ele></trkpt>
   <trkpt lon="-0.198370" lat="51.041147"><ele>85.25</ele></trkpt>
   <trkpt lon="-0.197813" lat="51.040018"><ele>78.0</ele></trkpt>
   <trkpt lon="-0.197473" lat="51.039171"><ele>73.75</ele></trkpt>
   <trkpt lon="-0.197406" lat="51.039093"><ele>73.0</ele></trkpt>
   <trkpt lon="-0.197265" lat="51.038992"><ele>72.0</ele></trkpt>
   <trkpt lon="-0.196152" lat="51.038380"><ele>65.25</ele></trkpt>
   <trkpt lon="-0.196170" lat="51.038272"><ele>65.0</ele></trkpt>
   <trkpt lon="-0.196251" lat="51.038217"><ele>65.0</ele></trkpt>
   <trkpt lon="-0.196534" lat="51.038253"><ele>65.25</ele></trkpt>
   <trkpt lon="-0.197153" lat="51.038319"><ele>65.0</ele></trkpt>
   <trkpt lon="-0.197325" lat="51.038343"><ele>65.0</ele></trkpt>
   <trkpt lon="-0.197552" lat="51.038368"><ele>66.0</ele></trkpt>
   <trkpt lon="-0.197658" lat="51.038378"><ele>66.75</ele></trkpt>
   <trkpt lon="-0.197881" lat="51.038403"><ele>67.75</ele></trkpt>
   <trkpt lon="-0.198598" lat="51.038495"><ele>67.0</ele></trkpt>
   <trkpt lon="-0.198913" lat="51.038528"><ele>65.75</ele></trkpt>
   <trkpt lon="-0.198915" lat="51.038502"><ele>65.75</ele></trkpt>
   <trkpt lon="-0.198877" lat="51.038449"><ele>66.0</ele></trkpt>
   <trkpt lon="-0.198313" lat="51.037950"><ele>67.5</ele></trkpt>
   <trkpt lon="-0.198430" lat="51.037741"><ele>67.5</ele></trkpt>
   <trkpt lon="-0.198452" lat="51.037647"><ele>67.0</ele></trkpt>
   <trkpt lon="-0.198454" lat="51.037569"><ele>66.75</ele></trkpt>
   <trkpt lon="-0.198418" lat="51.036661"><ele>63.75</ele></trkpt>
   <trkpt lon="-0.198398" lat="51.036534"><ele>63.25</ele></trkpt>
   <trkpt lon="-0.198373" lat="51.036454"><ele>63.0</ele></trkpt>
   <trkpt lon="-0.198267" lat="51.036233"><ele>61.25</ele></trkpt>
   <trkpt lon="-0.198289" lat="51.036139"><ele>60.25</ele></trkpt>
   <trkpt lon="-0.198277" lat="51.036034"><ele>59.75</ele></trkpt>
   <trkpt lon="-0.198236" lat="51.035967"><ele>59.5</ele></trkpt>
   <trkpt lon="-0.198197" lat="51.035923"><ele>59.5</ele></trkpt>
   <trkpt lon="-0.198097" lat="51.035859"><ele>59.75</ele></trkpt>
   <trkpt lon="-0.197964" lat="51.035802"><ele>59.75</ele></trkpt>
   <trkpt lon="-0.197909" lat="51.035769"><ele>59.75</ele></trkpt>
   <trkpt lon="-0.197862" lat="51.035720"><ele>59.75</ele></trkpt>
   <trkpt lon="-0.197801" lat="51.035634"><ele>59.75</ele></trkpt>
   <trkpt lon="-0.197756" lat="51.035597"><ele>60.0</ele></trkpt>
   <trkpt lon="-0.197687" lat="51.035564"><ele>60.0</ele></trkpt>
   <trkpt lon="-0.197455" lat="51.035489"><ele>60.0</ele></trkpt>
   <trkpt lon="-0.197405" lat="51.035461"><ele>60.25</ele></trkpt>
   <trkpt lon="-0.197341" lat="51.035399"><ele>60.75</ele></trkpt>
   <trkpt lon="-0.197294" lat="51.035053"><ele>62.0</ele></trkpt>
   <trkpt lon="-0.197216" lat="51.034724"><ele>64.0</ele></trkpt>
   <trkpt lon="-0.197206" lat="51.034695"><ele>64.25</ele></trkpt>
   <trkpt lon="-0.197137" lat="51.034599"><ele>65.25</ele></trkpt>
   <trkpt lon="-0.197116" lat="51.034536"><ele>65.75</ele></trkpt>
   <trkpt lon="-0.197037" lat="51.033819"><ele>68.25</ele></trkpt>
   <trkpt lon="-0.197036" lat="51.033810"><ele>68.25</ele></trkpt>
   <trkpt lon="-0.197033" lat="51.033786"><ele>68.25</ele></trkpt>
   <trkpt lon="-0.196991" lat="51.033720"><ele>68.0</ele></trkpt>
   <trkpt lon="-0.196980" lat="51.033613"><ele>68.25</ele></trkpt>
   <trkpt lon="-0.196948" lat="51.033215"><ele>67.0</ele></trkpt>
   <trkpt lon="-0.196852" lat="51.031664"><ele>65.0</ele></trkpt>
   <trkpt lon="-0.196820" lat="51.030861"><ele>67.25</ele></trkpt>
   <trkpt lon="-0.196870" lat="51.030815"><ele>67.25</ele></trkpt>
   <trkpt lon="-0.196814" lat="51.029720"><ele>68.25</ele></trkpt>
   <trkpt lon="-0.196795" lat="51.029359"><ele>68.5</ele></trkpt>
   <trkpt lon="-0.196695" lat="51.027140"><ele>70.25</ele></trkpt>
   <trkpt lon="-0.196692" lat="51.027085"><ele>70.25</ele></trkpt>
   <trkpt lon="-0.196609" lat="51.024860"><ele>81.25</ele></trkpt>
   <trkpt lon="-0.196570" lat="51.023855"><ele>83.75</ele></trkpt>
   <trkpt lon="-0.196521" lat="51.023439"><ele>87.0</ele></trkpt>
   <trkpt lon="-0.196473" lat="51.023127"><ele>88.5</ele></trkpt>
   <trkpt lon="-0.196413" lat="51.022877"><ele>89.5</ele></trkpt>
   <trkpt lon="-0.196174" lat="51.022030"><ele>93.0</ele></trkpt>
   <trkpt lon="-0.196042" lat="51.021521"><ele>95.0</ele></trkpt>
   <trkpt lon="-0.196022" lat="51.021376"><ele>96.0</ele></trkpt>
   <trkpt lon="-0.196047" lat="51.021210"><ele>97.0</ele></trkpt>
   <trkpt lon="-0.196105" lat="51.021070"><ele>98.25</ele></trkpt>
   <trkpt lon="-0.196181" lat="51.020961"><ele>99.0</ele></trkpt>
   <trkpt lon="-0.196325" lat="51.020813"><ele>100.75</ele></trkpt>
   <trkpt lon="-0.196375" lat="51.020750"><ele>100.75</ele></trkpt>
   <trkpt lon="-0.196377" lat="51.020673"><ele>100.75</ele></trkpt>
   <trkpt lon="-0.196346" lat="51.020590"><ele>100.75</ele></trkpt>
   <trkpt lon="-0.196280" lat="51.020532"><ele>100.5</ele></trkpt>
   <trkpt lon="-0.196250" lat="51.020519"><ele>100.5</ele></trkpt>
   <trkpt lon="-0.196222" lat="51.020515"><ele>100.5</ele></trkpt>
   <trkpt lon="-0.196162" lat="51.020506"><ele>100.25</ele></trkpt>
   <trkpt lon="-0.196135" lat="51.020495"><ele>100.25</ele></trkpt>
   <trkpt lon="-0.196096" lat="51.020464"><ele>100.25</ele></trkpt>
   <trkpt lon="-0.196082" lat="51.020426"><ele>100.25</ele></trkpt>
   <trkpt lon="-0.196085" lat="51.020406"><ele>100.5</ele></trkpt>
   <trkpt lon="-0.196111" lat="51.020371"><ele>100.5</ele></trkpt>
   <trkpt lon="-0.196145" lat="51.020351"><ele>100.75</ele></trkpt>
   <trkpt lon="-0.196169" lat="51.020319"><ele>101.0</ele></trkpt>
   <trkpt lon="-0.196185" lat="51.020146"><ele>102.75</ele></trkpt>
   <trkpt lon="-0.196026" lat="51.020133"><ele>102.0</ele></trkpt>
   <trkpt lon="-0.195926" lat="51.020110"><ele>102.0</ele></trkpt>
   <trkpt lon="-0.195861" lat="51.020074"><ele>101.75</ele></trkpt>
   <trkpt lon="-0.195815" lat="51.020029"><ele>101.75</ele></trkpt>
   <trkpt lon="-0.195274" lat="51.018856"><ele>102.75</ele></trkpt>
   <trkpt lon="-0.195245" lat="51.018729"><ele>102.75</ele></trkpt>
   <trkpt lon="-0.195234" lat="51.018490"><ele>103.5</ele></trkpt>
   <trkpt lon="-0.195221" lat="51.018345"><ele>104.5</ele></trkpt>
   <trkpt lon="-0.195324" lat="51.017643"><ele>102.0</ele></trkpt>
   <trkpt lon="-0.195483" lat="51.017241"><ele>102.0</ele></trkpt>
   <trkpt lon="-0.195663" lat="51.016969"><ele>101.0</ele></trkpt>
   <trkpt lon="-0.195904" lat="51.016574"><ele>100.0</ele></trkpt>
   <trkpt lon="-0.196116" lat="51.016081"><ele>99.0</ele></trkpt>
   <trkpt lon="-0.196201" lat="51.015917"><ele>99.0</ele></trkpt>
   <trkpt lon="-0.197160" lat="51.014261"><ele>94.5</ele></trkpt>
   <trkpt lon="-0.197824" lat="51.012773"><ele>91.5</ele></trkpt>
   <trkpt lon="-0.197925" lat="51.012605"><ele>91.25</ele></trkpt>
   <trkpt lon="-0.198354" lat="51.012028"><ele>90.75</ele></trkpt>
   <trkpt lon="-0.198373" lat="51.011964"><ele>91.0</ele></trkpt>
   <trkpt lon="-0.198362" lat="51.011925"><ele>91.0</ele></trkpt>
   <trkpt lon="-0.198465" lat="51.011717"><ele>92.25</ele></trkpt>
   <trkpt lon="-0.198629" lat="51.011388"><ele>93.0</ele></trkpt>
   <trkpt lon="-0.198700" lat="51.011227"><ele>94.25</ele></trkpt>
   <trkpt lon="-0.198764" lat="51.011036"><ele>95.5</ele></trkpt>
   <trkpt lon="-0.198784" lat="51.010891"><ele>96.75</ele></trkpt>
   <trkpt lon="-0.198795" lat="51.010655"><ele>97.75</ele></trkpt>
   <trkpt lon="-0.198775" lat="51.010525"><ele>98.5</ele></trkpt>
   <trkpt lon="-0.198626" lat="51.010148"><ele>100.5</ele></trkpt>
   <trkpt lon="-0.198506" lat="51.009901"><ele>101.5</ele></trkpt>
   <trkpt lon="-0.198253" lat="51.009389"><ele>102.0</ele></trkpt>
   <trkpt lon="-0.198210" lat="51.009286"><ele>102.5</ele></trkpt>
   <trkpt lon="-0.198020" lat="51.008768"><ele>103.75</ele></trkpt>
   <trkpt lon="-0.197867" lat="51.008279"><ele>103.75</ele></trkpt>
   <trkpt lon="-0.197824" lat="51.008020"><ele>104.0</ele></trkpt>
   <trkpt lon="-0.197820" lat="51.007828"><ele>104.0</ele></trkpt>
   <trkpt lon="-0.197834" lat="51.007705"><ele>103.75</ele></trkpt>
   <trkpt lon="-0.197932" lat="51.007330"><ele>102.25</ele></trkpt>
   <trkpt lon="-0.197969" lat="51.007127"><ele>101.25</ele></trkpt>
   <trkpt lon="-0.197970" lat="51.006944"><ele>100.5</ele></trkpt>
   <trkpt lon="-0.197986" lat="51.006832"><ele>100.5</ele></trkpt>
   <trkpt lon="-0.198018" lat="51.006750"><ele>100.75</ele></trkpt>
   <trkpt lon="-0.198044" lat="51.006717"><ele>100.75</ele></trkpt>
   <trkpt lon="-0.198112" lat="51.006660"><ele>100.75</ele></trkpt>
   <trkpt lon="-0.198052" lat="51.006626"><ele>100.75</ele></trkpt>
   <trkpt lon="-0.198022" lat="51.006578"><ele>100.5</ele></trkpt>
   <trkpt lon="-0.198029" lat="51.006526"><ele>100.25</ele></trkpt>
   <trkpt lon="-0.198053" lat="51.006497"><ele>100.25</ele></trkpt>
   <trkpt lon="-0.198092" lat="51.006472"><ele>100.25</ele></trkpt>
   <trkpt lon="-0.198143" lat="51.006455"><ele>100.0</ele></trkpt>
   <trkpt lon="-0.198191" lat="51.006450"><ele>100.0</ele></trkpt>
   <trkpt lon="-0.198249" lat="51.006455"><ele>100.0</ele></trkpt>
   <trkpt lon="-0.198315" lat="51.006354"><ele>99.75</ele></trkpt>
   <trkpt lon="-0.198339" lat="51.006289"><ele>99.5</ele></trkpt>
   <trkpt lon="-0.198353" lat="51.006041"><ele>98.5</ele></trkpt>
   <trkpt lon="-0.198381" lat="51.005275"><ele>94.75</ele></trkpt>
   <trkpt lon="-0.198369" lat="51.005141"><ele>94.0</ele></trkpt>
   <trkpt lon="-0.198325" lat="51.004850"><ele>93.0</ele></trkpt>
   <trkpt lon="-0.198229" lat="51.004317"><ele>93.0</ele></trkpt>
   <trkpt lon="-0.198112" lat="51.003858"><ele>91.75</ele></trkpt>
   <trkpt lon="-0.198022" lat="51.003620"><ele>91.0</ele></trkpt>
   <trkpt lon="-0.197585" lat="51.002705"><ele>90.25</ele></trkpt>
   <trkpt lon="-0.197550" lat="51.002614"><ele>90.0</ele></trkpt>
   <trkpt lon="-0.197519" lat="51.002485"><ele>90.0</ele></trkpt>
   <trkpt lon="-0.197514" lat="51.002302"><ele>89.25</ele></trkpt>
   <trkpt lon="-0.197532" lat="51.002091"><ele>88.5</ele></trkpt>
   <trkpt lon="-0.197606" lat="51.001891"><ele>87.5</ele></trkpt>
   <trkpt lon="-0.197704" lat="51.001636"><ele>85.75</ele></trkpt>
   <trkpt lon="-0.197804" lat="51.001481"><ele>84.5</ele></trkpt>
   <trkpt lon="-0.197913" lat="51.001366"><ele>83.75</ele></trkpt>
   <trkpt lon="-0.198026" lat="51.001247"><ele>82.75</ele></trkpt>
   <trkpt lon="-0.198378" lat="51.000928"><ele>80.5</ele></trkpt>
   <trkpt lon="-0.198700" lat="51.000652"><ele>78.75</ele></trkpt>
   <trkpt lon="-0.198797" lat="51.000569"><ele>78.0</ele></trkpt>
   <trkpt lon="-0.199031" lat="51.000284"><ele>76.0</ele></trkpt>
   <trkpt lon="-0.199140" lat="51.000026"><ele>74.0</ele></trkpt>
   <trkpt lon="-0.199146" lat="51.000002"><ele>73.75</ele></trkpt>
   <trkpt lon="-0.199190" lat="50.999836"><ele>72.25</ele></trkpt>
   <trkpt lon="-0.199209" lat="50.999699"><ele>70.75</ele></trkpt>
   <trkpt lon="-0.199175" lat="50.999046"><ele>67.0</ele></trkpt>
   <trkpt lon="-0.199136" lat="50.998503"><ele>65.5</ele></trkpt>
   <trkpt lon="-0.199133" lat="50.998431"><ele>65.25</ele></trkpt>
   <trkpt lon="-0.199079" lat="50.997622"><ele>62.25</ele></trkpt>
   <trkpt lon="-0.199020" lat="50.997174"><ele>59.75</ele></trkpt>
   <trkpt lon="-0.198990" lat="50.997036"><ele>59.25</ele></trkpt>
   <trkpt lon="-0.198914" lat="50.996798"><ele>57.75</ele></trkpt>
   <trkpt lon="-0.198889" lat="50.996730"><ele>57.25</ele></trkpt>
   <trkpt lon="-0.198768" lat="50.996407"><ele>55.5</ele></trkpt>
   <trkpt lon="-0.198661" lat="50.996153"><ele>54.0</ele></trkpt>
   <trkpt lon="-0.198452" lat="50.995715"><ele>51.5</ele></trkpt>
   <trkpt lon="-0.198331" lat="50.995306"><ele>50.0</ele></trkpt>
   <trkpt lon="-0.198312" lat="50.995167"><ele>49.0</ele></trkpt>
   <trkpt lon="-0.198278" lat="50.994877"><ele>46.75</ele></trkpt>
   <trkpt lon="-0.198311" lat="50.994578"><ele>44.75</ele></trkpt>
   <trkpt lon="-0.198372" lat="50.994130"><ele>42.0</ele></trkpt>
   <trkpt lon="-0.198530" lat="50.993691"><ele>40.0</ele></trkpt>
   <trkpt lon="-0.198842" lat="50.993100"><ele>37.25</ele></trkpt>
   <trkpt lon="-0.199021" lat="50.992636"><ele>35.75</ele></trkpt>
   <trkpt lon="-0.199119" lat="50.992158"><ele>33.75</ele></trkpt>
   <trkpt lon="-0.199148" lat="50.991265"><ele>31.5</ele></trkpt>
   <trkpt lon="-0.199185" lat="50.990869"><ele>30.75</ele></trkpt>
   <trkpt lon="-0.199322" lat="50.990351"><ele>30.75</ele></trkpt>
   <trkpt lon="-0.199428" lat="50.990054"><ele>30.0</ele></trkpt>
   <trkpt lon="-0.199508" lat="50.989928"><ele>30.5</ele></trkpt>
   <trkpt lon="-0.199639" lat="50.989718"><ele>31.25</ele></trkpt>
   <trkpt lon="-0.199611" lat="50.989697"><ele>31.25</ele></trkpt>
   <trkpt lon="-0.199655" lat="50.989612"><ele>30.75</ele></trkpt>
   <trkpt lon="-0.199650" lat="50.989532"><ele>30.5</ele></trkpt>
   <trkpt lon="-0.199600" lat="50.989451"><ele>30.25</ele></trkpt>
   <trkpt lon="-0.199453" lat="50.989370"><ele>30.5</ele></trkpt>
   <trkpt lon="-0.199268" lat="50.989343"><ele>30.5</ele></trkpt>
   <trkpt lon="-0.199165" lat="50.989352"><ele>30.5</ele></trkpt>
   <trkpt lon="-0.199078" lat="50.989370"><ele>30.75</ele></trkpt>
   <trkpt lon="-0.199056" lat="50.989350"><ele>30.75</ele></trkpt>
   <trkpt lon="-0.199024" lat="50.989300"><ele>30.5</ele></trkpt>
   <trkpt lon="-0.199016" lat="50.989208"><ele>30.5</ele></trkpt>
   <trkpt lon="-0.199034" lat="50.989175"><ele>30.25</ele></trkpt>
   <trkpt lon="-0.199048" lat="50.989149"><ele>30.25</ele></trkpt>
   <trkpt lon="-0.199069" lat="50.989117"><ele>30.0</ele></trkpt>
   <trkpt lon="-0.199123" lat="50.989030"><ele>29.5</ele></trkpt>
   <trkpt lon="-0.198966" lat="50.988977"><ele>30.0</ele></trkpt>
   <trkpt lon="-0.198800" lat="50.988889"><ele>30.0</ele></trkpt>
   <trkpt lon="-0.198633" lat="50.988701"><ele>29.25</ele></trkpt>
   <trkpt lon="-0.198180" lat="50.987422"><ele>25.0</ele></trkpt>
   <trkpt lon="-0.198130" lat="50.987328"><ele>24.0</ele></trkpt>
   <trkpt lon="-0.198048" lat="50.987310"><ele>23.75</ele></trkpt>
   <trkpt lon="-0.198066" lat="50.987238"><ele>23.0</ele></trkpt>
   <trkpt lon="-0.198141" lat="50.987158"><ele>22.75</ele></trkpt>
   <trkpt lon="-0.198139" lat="50.987122"><ele>22.75</ele></trkpt>
   <trkpt lon="-0.198134" lat="50.987057"><ele>22.75</ele></trkpt>
   <trkpt lon="-0.198029" lat="50.986386"><ele>21.25</ele></trkpt>
   <trkpt lon="-0.197905" lat="50.985671"><ele>22.25</ele></trkpt>
   <trkpt lon="-0.197810" lat="50.984841"><ele>26.0</ele></trkpt>
   <trkpt lon="-0.198144" lat="50.983889"><ele>26.25</ele></trkpt>
   <trkpt lon="-0.198203" lat="50.983680"><ele>25.75</ele></trkpt>
   <trkpt lon="-0.198471" lat="50.982731"><ele>22.25</ele></trkpt>
   <trkpt lon="-0.198667" lat="50.982127"><ele>20.75</ele></trkpt>
   <trkpt lon="-0.198834" lat="50.981376"><ele>19.0</ele></trkpt>
   <trkpt lon="-0.198891" lat="50.980799"><ele>18.0</ele></trkpt>
   <trkpt lon="-0.198867" lat="50.980405"><ele>18.0</ele></trkpt>
   <trkpt lon="-0.198786" lat="50.979965"><ele>18.25</ele></trkpt>
   <trkpt lon="-0.198690" lat="50.979019"><ele>17.5</ele></trkpt>
   <trkpt lon="-0.198536" lat="50.978194"><ele>17.0</ele></trkpt>
   <trkpt lon="-0.198444" lat="50.978158"><ele>17.0</ele></trkpt>
   <trkpt lon="-0.198426" lat="50.978057"><ele>17.0</ele></trkpt>
   <trkpt lon="-0.198258" lat="50.977096"><ele>16.5</ele></trkpt>
   <trkpt lon="-0.198251" lat="50.977056"><ele>16.5</ele></trkpt>
   <trkpt lon="-0.198117" lat="50.976666"><ele>15.75</ele></trkpt>
   <trkpt lon="-0.198070" lat="50.976527"><ele>15.5</ele></trkpt>
   <trkpt lon="-0.197779" lat="50.975967"><ele>13.25</ele></trkpt>
   <trkpt lon="-0.197666" lat="50.975757"><ele>13.0</ele></trkpt>
   <trkpt lon="-0.197339" lat="50.975282"><ele>13.0</ele></trkpt>
   <trkpt lon="-0.197300" lat="50.975226"><ele>12.75</ele></trkpt>
   <trkpt lon="-0.197193" lat="50.975071"><ele>13.0</ele></trkpt>
   <trkpt lon="-0.197121" lat="50.974977"><ele>13.25</ele></trkpt>
   <trkpt lon="-0.196729" lat="50.974470"><ele>13.75</ele></trkpt>
   <trkpt lon="-0.196512" lat="50.974173"><ele>14.5</ele></trkpt>
   <trkpt lon="-0.196161" lat="50.973694"><ele>14.5</ele></trkpt>
   <trkpt lon="-0.195842" lat="50.973154"><ele>15.5</ele></trkpt>
   <trkpt lon="-0.195745" lat="50.972968"><ele>15.75</ele></trkpt>
   <trkpt lon="-0.195614" lat="50.972693"><ele>16.25</ele></trkpt>
   <trkpt lon="-0.195422" lat="50.972291"><ele>17.25</ele></trkpt>
   <trkpt lon="-0.195271" lat="50.971929"><ele>18.0</ele></trkpt>
   <trkpt lon="-0.195231" lat="50.971833"><ele>18.0</ele></trkpt>
   <trkpt lon="-0.195049" lat="50.971372"><ele>19.0</ele></trkpt>
   <trkpt lon="-0.194983" lat="50.971116"><ele>19.75</ele></trkpt>
   <trkpt lon="-0.194761" lat="50.969993"><ele>23.0</ele></trkpt>
   <trkpt lon="-0.194632" lat="50.969248"><ele>25.25</ele></trkpt>
   <trkpt lon="-0.194497" lat="50.968350"><ele>27.75</ele></trkpt>
   <trkpt lon="-0.194421" lat="50.968231"><ele>27.5</ele></trkpt>
   <trkpt lon="-0.194365" lat="50.968140"><ele>27.0</ele></trkpt>
   <trkpt lon="-0.194317" lat="50.968108"><ele>26.5</ele></trkpt>
   <trkpt lon="-0.194297" lat="50.968082"><ele>26.25</ele></trkpt>
   <trkpt lon="-0.194289" lat="50.968054"><ele>26.25</ele></trkpt>
   <trkpt lon="-0.194293" lat="50.968025"><ele>26.25</ele></trkpt>
   <trkpt lon="-0.194309" lat="50.967998"><ele>26.5</ele></trkpt>
   <trkpt lon="-0.194335" lat="50.967975"><ele>26.75</ele></trkpt>
   <trkpt lon="-0.194383" lat="50.967951"><ele>27.25</ele></trkpt>
   <trkpt lon="-0.194441" lat="50.967940"><ele>27.75</ele></trkpt>
   <trkpt lon="-0.194501" lat="50.967941"><ele>28.0</ele></trkpt>
   <trkpt lon="-0.194556" lat="50.967955"><ele>28.0</ele></trkpt>
   <trkpt lon="-0.194617" lat="50.967995"><ele>28.0</ele></trkpt>
   <trkpt lon="-0.194713" lat="50.968009"><ele>28.0</ele></trkpt>
   <trkpt lon="-0.194608" lat="50.967879"><ele>28.0</ele></trkpt>
   <trkpt lon="-0.194539" lat="50.967773"><ele>28.0</ele></trkpt>
   <trkpt lon="-0.194472" lat="50.967561"><ele>28.0</ele></trkpt>
   <trkpt lon="-0.194465" lat="50.967358"><ele>28.0</ele></trkpt>
   <trkpt lon="-0.194499" lat="50.966757"><ele>27.5</ele></trkpt>
   <trkpt lon="-0.194490" lat="50.966329"><ele>26.0</ele></trkpt>
   <trkpt lon="-0.194469" lat="50.966043"><ele>24.75</ele></trkpt>
   <trkpt lon="-0.194429" lat="50.965703"><ele>23.5</ele></trkpt>
   <trkpt lon="-0.194340" lat="50.965120"><ele>21.0</ele></trkpt>
   <trkpt lon="-0.194226" lat="50.964285"><ele>16.0</ele></trkpt>
   <trkpt lon="-0.194178" lat="50.963612"><ele>14.75</ele></trkpt>
   <trkpt lon="-0.194089" lat="50.962714"><ele>15.25</ele></trkpt>
   <trkpt lon="-0.194008" lat="50.961555"><ele>17.0</ele></trkpt>
   <trkpt lon="-0.193917" lat="50.959963"><ele>17.75</ele></trkpt>
   <trkpt lon="-0.193890" lat="50.959312"><ele>18.0</ele></trkpt>
   <trkpt lon="-0.193832" lat="50.958406"><ele>19.0</ele></trkpt>
   <trkpt lon="-0.193818" lat="50.956210"><ele>20.5</ele></trkpt>
   <trkpt lon="-0.193757" lat="50.956104"><ele>21.0</ele></trkpt>
   <trkpt lon="-0.193751" lat="50.955938"><ele>21.25</ele></trkpt>
   <trkpt lon="-0.193758" lat="50.955622"><ele>21.75</ele></trkpt>
   <trkpt lon="-0.193774" lat="50.955270"><ele>22.5</ele></trkpt>
   <trkpt lon="-0.193891" lat="50.954867"><ele>24.25</ele></trkpt>
   <trkpt lon="-0.194038" lat="50.954615"><ele>24.5</ele></trkpt>
   <trkpt lon="-0.194159" lat="50.954358"><ele>25.25</ele></trkpt>
   <trkpt lon="-0.194110" lat="50.954348"><ele>25.25</ele></trkpt>
   <trkpt lon="-0.194067" lat="50.954329"><ele>25.25</ele></trkpt>
   <trkpt lon="-0.194036" lat="50.954303"><ele>25.5</ele></trkpt>
   <trkpt lon="-0.194018" lat="50.954273"><ele>25.5</ele></trkpt>
   <trkpt lon="-0.194017" lat="50.954240"><ele>25.5</ele></trkpt>
   <trkpt lon="-0.194031" lat="50.954209"><ele>25.75</ele></trkpt>
   <trkpt lon="-0.194059" lat="50.954182"><ele>25.75</ele></trkpt>
   <trkpt lon="-0.194098" lat="50.954162"><ele>25.75</ele></trkpt>
   <trkpt lon="-0.194144" lat="50.954151"><ele>25.75</ele></trkpt>
   <trkpt lon="-0.194194" lat="50.954148"><ele>25.75</ele></trkpt>
   <trkpt lon="-0.194243" lat="50.954155"><ele>25.5</ele></trkpt>
   <trkpt lon="-0.194287" lat="50.954171"><ele>25.5</ele></trkpt>
   <trkpt lon="-0.194621" lat="50.953961"><ele>24.25</ele></trkpt>
   <trkpt lon="-0.194969" lat="50.953639"><ele>23.0</ele></trkpt>
   <trkpt lon="-0.195550" lat="50.953048"><ele>19.0</ele></trkpt>
   <trkpt lon="-0.196013" lat="50.952588"><ele>18.0</ele></trkpt>
   <trkpt lon="-0.196186" lat="50.952416"><ele>17.75</ele></trkpt>
   <trkpt lon="-0.196555" lat="50.952063"><ele>17.5</ele></trkpt>
   <trkpt lon="-0.196700" lat="50.951847"><ele>17.75</ele></trkpt>
   <trkpt lon="-0.197193" lat="50.950937"><ele>18.0</ele></trkpt>
   <trkpt lon="-0.197347" lat="50.950674"><ele>17.5</ele></trkpt>
   <trkpt lon="-0.197462" lat="50.950492"><ele>17.0</ele></trkpt>
   <trkpt lon="-0.197615" lat="50.950195"><ele>17.0</ele></trkpt>
   <trkpt lon="-0.197802" lat="50.949819"><ele>17.5</ele></trkpt>
   <trkpt lon="-0.197885" lat="50.949625"><ele>17.5</ele></trkpt>
   <trkpt lon="-0.197988" lat="50.949345"><ele>18.0</ele></trkpt>
   <trkpt lon="-0.197942" lat="50.949332"><ele>18.0</ele></trkpt>
   <trkpt lon="-0.197905" lat="50.949311"><ele>18.0</ele></trkpt>
   <trkpt lon="-0.197879" lat="50.949284"><ele>18.0</ele></trkpt>
   <trkpt lon="-0.197869" lat="50.949253"><ele>18.0</ele></trkpt>
   <trkpt lon="-0.197873" lat="50.949222"><ele>18.0</ele></trkpt>
   <trkpt lon="-0.197893" lat="50.949193"><ele>17.75</ele></trkpt>
   <trkpt lon="-0.197926" lat="50.949169"><ele>17.75</ele></trkpt>
   <trkpt lon="-0.197969" lat="50.949152"><ele>18.0</ele></trkpt>
   <trkpt lon="-0.198018" lat="50.949145"><ele>18.0</ele></trkpt>
   <trkpt lon="-0.198011" lat="50.948954"><ele>18.75</ele></trkpt>
   <trkpt lon="-0.198023" lat="50.948848"><ele>19.0</ele></trkpt>
   <trkpt lon="-0.198050" lat="50.948624"><ele>19.0</ele></trkpt>
   <trkpt lon="-0.198088" lat="50.948312"><ele>20.0</ele></trkpt>
   <trkpt lon="-0.198100" lat="50.948205"><ele>20.25</ele></trkpt>
   <trkpt lon="-0.198225" lat="50.947694"><ele>21.25</ele></trkpt>
   <trkpt lon="-0.198389" lat="50.947025"><ele>22.75</ele></trkpt>
   <trkpt lon="-0.198522" lat="50.946559"><ele>22.5</ele></trkpt>
   <trkpt lon="-0.198626" lat="50.946194"><ele>21.75</ele></trkpt>
   <trkpt lon="-0.198765" lat="50.945730"><ele>22.0</ele></trkpt>
   <trkpt lon="-0.198935" lat="50.945264"><ele>22.75</ele></trkpt>
   <trkpt lon="-0.198987" lat="50.945168"><ele>22.75</ele></trkpt>
   <trkpt lon="-0.199403" lat="50.944349"><ele>24.75</ele></trkpt>
   <trkpt lon="-0.199553" lat="50.943824"><ele>25.0</ele></trkpt>
   <trkpt lon="-0.199560" lat="50.943004"><ele>27.25</ele></trkpt>
   <trkpt lon="-0.199540" lat="50.942078"><ele>34.25</ele></trkpt>
   <trkpt lon="-0.199556" lat="50.941643"><ele>37.0</ele></trkpt>
   <trkpt lon="-0.199607" lat="50.940646"><ele>40.5</ele></trkpt>
   <trkpt lon="-0.199675" lat="50.940111"><ele>41.0</ele></trkpt>
   <trkpt lon="-0.199769" lat="50.939234"><ele>41.75</ele></trkpt>
   <trkpt lon="-0.199792" lat="50.937890"><ele>42.5</ele></trkpt>
   <trkpt lon="-0.199771" lat="50.937654"><ele>42.0</ele></trkpt>
   <trkpt lon="-0.199711" lat="50.937180"><ele>41.0</ele></trkpt>
   <trkpt lon="-0.199659" lat="50.936936"><ele>41.25</ele></trkpt>
   <trkpt lon="-0.199595" lat="50.936667"><ele>41.75</ele></trkpt>
   <trkpt lon="-0.199519" lat="50.936399"><ele>42.75</ele></trkpt>
   <trkpt lon="-0.199344" lat="50.935824"><ele>44.25</ele></trkpt>
   <trkpt lon="-0.199324" lat="50.935688"><ele>44.5</ele></trkpt>
   <trkpt lon="-0.199318" lat="50.935610"><ele>44.75</ele></trkpt>
   <trkpt lon="-0.199308" lat="50.935405"><ele>44.5</ele></trkpt>
   <trkpt lon="-0.199306" lat="50.935370"><ele>44.5</ele></trkpt>
   <trkpt lon="-0.199307" lat="50.935348"><ele>44.5</ele></trkpt>
   <trkpt lon="-0.199303" lat="50.935024"><ele>44.5</ele></trkpt>
   <trkpt lon="-0.199319" lat="50.934595"><ele>42.75</ele></trkpt>
   <trkpt lon="-0.199325" lat="50.934336"><ele>41.5</ele></trkpt>
   <trkpt lon="-0.199544" lat="50.933469"><ele>38.5</ele></trkpt>
   <trkpt lon="-0.199559" lat="50.933425"><ele>38.25</ele></trkpt>
   <trkpt lon="-0.199614" lat="50.933245"><ele>38.0</ele></trkpt>
   <trkpt lon="-0.199654" lat="50.933093"><ele>38.0</ele></trkpt>
   <trkpt lon="-0.199668" lat="50.932840"><ele>37.75</ele></trkpt>
   <trkpt lon="-0.199675" lat="50.932669"><ele>37.5</ele></trkpt>
   <trkpt lon="-0.199665" lat="50.932475"><ele>37.0</ele></trkpt>
   <trkpt lon="-0.199669" lat="50.932292"><ele>37.0</ele></trkpt>
   <trkpt lon="-0.199678" lat="50.931895"><ele>37.0</ele></trkpt>
   <trkpt lon="-0.199686" lat="50.931259"><ele>35.75</ele></trkpt>
   <trkpt lon="-0.199666" lat="50.930896"><ele>34.5</ele></trkpt>
   <trkpt lon="-0.199611" lat="50.930529"><ele>33.25</ele></trkpt>
   <trkpt lon="-0.199557" lat="50.930273"><ele>31.25</ele></trkpt>
   <trkpt lon="-0.199499" lat="50.930099"><ele>30.5</ele></trkpt>
   <trkpt lon="-0.199399" lat="50.929841"><ele>29.75</ele></trkpt>
   <trkpt lon="-0.199310" lat="50.929626"><ele>29.0</ele></trkpt>
   <trkpt lon="-0.199111" lat="50.929170"><ele>28.75</ele></trkpt>
   <trkpt lon="-0.199006" lat="50.928861"><ele>29.0</ele></trkpt>
   <trkpt lon="-0.198804" lat="50.928155"><ele>30.75</ele></trkpt>
   <trkpt lon="-0.198731" lat="50.927836"><ele>31.75</ele></trkpt>
   <trkpt lon="-0.198551" lat="50.926498"><ele>36.5</ele></trkpt>
   <trkpt lon="-0.198489" lat="50.926093"><ele>39.0</ele></trkpt>
   <trkpt lon="-0.198497" lat="50.925300"><ele>40.75</ele></trkpt>
   <trkpt lon="-0.198546" lat="50.924402"><ele>41.25</ele></trkpt>
   <trkpt lon="-0.198468" lat="50.923967"><ele>40.0</ele></trkpt>
   <trkpt lon="-0.198279" lat="50.923550"><ele>38.0</ele></trkpt>
   <trkpt lon="-0.198077" lat="50.923262"><ele>36.25</ele></trkpt>
   <trkpt lon="-0.198038" lat="50.923223"><ele>36.25</ele></trkpt>
   <trkpt lon="-0.197798" lat="50.922965"><ele>34.75</ele></trkpt>
   <trkpt lon="-0.196892" lat="50.922053"><ele>32.25</ele></trkpt>
   <trkpt lon="-0.196485" lat="50.921458"><ele>31.75</ele></trkpt>
   <trkpt lon="-0.196061" lat="50.920088"><ele>34.0</ele></trkpt>
   <trkpt lon="-0.196052" lat="50.920059"><ele>34.0</ele></trkpt>
   <trkpt lon="-0.196026" lat="50.919727"><ele>34.75</ele></trkpt>
   <trkpt lon="-0.196008" lat="50.919314"><ele>35.5</ele></trkpt>
   <trkpt lon="-0.195832" lat="50.919334"><ele>36.0</ele></trkpt>
   <trkpt lon="-0.195688" lat="50.919363"><ele>36.0</ele></trkpt>
   <trkpt lon="-0.194624" lat="50.917812"><ele>37.0</ele></trkpt>
   <trkpt lon="-0.194434" lat="50.917564"><ele>37.5</ele></trkpt>
   <trkpt lon="-0.194193" lat="50.917227"><ele>37.75</ele></trkpt>
   <trkpt lon="-0.193659" lat="50.916551"><ele>39.25</ele></trkpt>
   <trkpt lon="-0.193484" lat="50.916303"><ele>40.0</ele></trkpt>
   <trkpt lon="-0.193170" lat="50.915917"><ele>40.5</ele></trkpt>
   <trkpt lon="-0.192782" lat="50.915538"><ele>41.0</ele></trkpt>
   <trkpt lon="-0.192447" lat="50.915252"><ele>41.75</ele></trkpt>
   <trkpt lon="-0.192205" lat="50.915058"><ele>42.5</ele></trkpt>
   <trkpt lon="-0.192156" lat="50.914989"><ele>42.75</ele></trkpt>
   <trkpt lon="-0.192143" lat="50.914926"><ele>42.75</ele></trkpt>
   <trkpt lon="-0.192098" lat="50.914869"><ele>42.5</ele></trkpt>
   <trkpt lon="-0.192109" lat="50.914827"><ele>42.5</ele></trkpt>
   <trkpt lon="-0.192578" lat="50.912964"><ele>46.0</ele></trkpt>
   <trkpt lon="-0.192553" lat="50.912773"><ele>46.75</ele></trkpt>
   <trkpt lon="-0.192590" lat="50.912266"><ele>48.75</ele></trkpt>
   <trkpt lon="-0.192577" lat="50.911873"><ele>50.0</ele></trkpt>
   <trkpt lon="-0.192574" lat="50.911807"><ele>50.25</ele></trkpt>
   <trkpt lon="-0.192592" lat="50.911573"><ele>50.75</ele></trkpt>
   <trkpt lon="-0.192527" lat="50.911400"><ele>51.75</ele></trkpt>
   <trkpt lon="-0.192460" lat="50.911132"><ele>53.5</ele></trkpt>
   <trkpt lon="-0.192312" lat="50.910695"><ele>53.0</ele></trkpt>
   <trkpt lon="-0.192138" lat="50.910284"><ele>54.25</ele></trkpt>
   <trkpt lon="-0.191803" lat="50.909705"><ele>55.75</ele></trkpt>
   <trkpt lon="-0.191412" lat="50.909199"><ele>57.5</ele></trkpt>
   <trkpt lon="-0.190515" lat="50.908311"><ele>60.5</ele></trkpt>
   <trkpt lon="-0.189444" lat="50.907482"><ele>60.5</ele></trkpt>
   <trkpt lon="-0.189316" lat="50.907463"><ele>60.75</ele></trkpt>
   <trkpt lon="-0.189229" lat="50.907452"><ele>61.0</ele></trkpt>
   <trkpt lon="-0.188173" lat="50.906819"><ele>59.5</ele></trkpt>
   <trkpt lon="-0.187991" lat="50.906688"><ele>57.0</ele></trkpt>
   <trkpt lon="-0.187909" lat="50.906626"><ele>57.5</ele></trkpt>
   <trkpt lon="-0.187626" lat="50.906412"><ele>61.5</ele></trkpt>
   <trkpt lon="-0.186790" lat="50.905672"><ele>62.25</ele></trkpt>
   <trkpt lon="-0.186599" lat="50.905469"><ele>63.0</ele></trkpt>
   <trkpt lon="-0.186629" lat="50.905395"><ele>63.0</ele></trkpt>
   <trkpt lon="-0.186650" lat="50.905342"><ele>63.0</ele></trkpt>
   <trkpt lon="-0.185781" lat="50.904573"><ele>64.5</ele></trkpt>
   <trkpt lon="-0.184372" lat="50.903588"><ele>67.75</ele></trkpt>
   <trkpt lon="-0.182529" lat="50.902651"><ele>73.25</ele></trkpt>
   <trkpt lon="-0.182485" lat="50.902450"><ele>75.75</ele></trkpt>
   <trkpt lon="-0.182822" lat="50.901990"><ele>78.5</ele></trkpt>
   <trkpt lon="-0.183067" lat="50.901868"><ele>78.25</ele></trkpt>
   <trkpt lon="-0.183085" lat="50.901782"><ele>78.5</ele></trkpt>
   <trkpt lon="-0.183092" lat="50.901685"><ele>78.75</ele></trkpt>
   <trkpt lon="-0.183074" lat="50.901633"><ele>79.0</ele></trkpt>
   <trkpt lon="-0.182833" lat="50.901590"><ele>80.25</ele></trkpt>
   <trkpt lon="-0.181780" lat="50.901490"><ele>82.0</ele></trkpt>
   <trkpt lon="-0.180862" lat="50.901444"><ele>82.25</ele></trkpt>
   <trkpt lon="-0.180197" lat="50.901396"><ele>82.75</ele></trkpt>
   <trkpt lon="-0.179183" lat="50.901288"><ele>90.75</ele></trkpt>
   <trkpt lon="-0.178341" lat="50.901155"><ele>92.25</ele></trkpt>
   <trkpt lon="-0.177322" lat="50.900936"><ele>99.75</ele></trkpt>
   <trkpt lon="-0.176491" lat="50.900801"><ele>102.25</ele></trkpt>
   <trkpt lon="-0.175514" lat="50.900633"><ele>105.25</ele></trkpt>
   <trkpt lon="-0.175174" lat="50.900571"><ele>107.0</ele></trkpt>
   <trkpt lon="-0.175124" lat="50.900572"><ele>106.75</ele></trkpt>
   <trkpt lon="-0.175057" lat="50.900573"><ele>106.5</ele></trkpt>
   <trkpt lon="-0.174925" lat="50.900624"><ele>104.5</ele></trkpt>
   <trkpt lon="-0.174789" lat="50.900632"><ele>104.25</ele></trkpt>
   <trkpt lon="-0.174648" lat="50.900610"><ele>104.25</ele></trkpt>
   <trkpt lon="-0.174476" lat="50.900526"><ele>103.75</ele></trkpt>
   <trkpt lon="-0.174315" lat="50.900406"><ele>104.75</ele></trkpt>
   <trkpt lon="-0.174036" lat="50.900332"><ele>105.25</ele></trkpt>
   <trkpt lon="-0.173802" lat="50.900301"><ele>104.75</ele></trkpt>
   <trkpt lon="-0.173220" lat="50.900224"><ele>101.75</ele></trkpt>
   <trkpt lon="-0.172981" lat="50.900179"><ele>101.0</ele></trkpt>
   <trkpt lon="-0.171875" lat="50.899897"><ele>100.0</ele></trkpt>
   <trkpt lon="-0.170763" lat="50.899478"><ele>98.0</ele></trkpt>
   <trkpt lon="-0.169853" lat="50.899085"><ele>98.5</ele></trkpt>
   <trkpt lon="-0.169531" lat="50.898942"><ele>98.25</ele></trkpt>
   <trkpt lon="-0.169301" lat="50.898784"><ele>98.25</ele></trkpt>
   <trkpt lon="-0.169088" lat="50.898601"><ele>98.5</ele></trkpt>
   <trkpt lon="-0.169012" lat="50.898568"><ele>98.5</ele></trkpt>
   <trkpt lon="-0.168939" lat="50.898554"><ele>98.25</ele></trkpt>
   <trkpt lon="-0.168859" lat="50.898565"><ele>97.75</ele></trkpt>
   <trkpt lon="-0.168808" lat="50.898583"><ele>97.25</ele></trkpt>
   <trkpt lon="-0.168703" lat="50.898641"><ele>97.0</ele></trkpt>
   <trkpt lon="-0.168028" lat="50.898077"><ele>99.25</ele></trkpt>
   <trkpt lon="-0.167755" lat="50.897871"><ele>98.5</ele></trkpt>
   <trkpt lon="-0.167500" lat="50.897711"><ele>99.0</ele></trkpt>
   <trkpt lon="-0.167276" lat="50.897579"><ele>97.25</ele></trkpt>
   <trkpt lon="-0.167023" lat="50.897445"><ele>95.75</ele></trkpt>
   <trkpt lon="-0.166378" lat="50.897172"><ele>93.25</ele></trkpt>
   <trkpt lon="-0.166254" lat="50.897105"><ele>92.25</ele></trkpt>
   <trkpt lon="-0.165993" lat="50.896964"><ele>92.0</ele></trkpt>
   <trkpt lon="-0.165544" lat="50.896645"><ele>91.0</ele></trkpt>
   <trkpt lon="-0.165395" lat="50.896539"><ele>91.0</ele></trkpt>
   <trkpt lon="-0.165071" lat="50.896262"><ele>91.0</ele></trkpt>
   <trkpt lon="-0.164684" lat="50.895969"><ele>89.5</ele></trkpt>
   <trkpt lon="-0.163984" lat="50.895291"><ele>88.25</ele></trkpt>
   <trkpt lon="-0.163547" lat="50.894828"><ele>87.5</ele></trkpt>
   <trkpt lon="-0.163258" lat="50.894419"><ele>87.5</ele></trkpt>
   <trkpt lon="-0.163170" lat="50.894294"><ele>88.0</ele></trkpt>
   <trkpt lon="-0.163078" lat="50.894097"><ele>87.25</ele></trkpt>
   <trkpt lon="-0.163048" lat="50.893844"><ele>85.75</ele></trkpt>
   <trkpt lon="-0.163268" lat="50.893172"><ele>81.5</ele></trkpt>
   <trkpt lon="-0.163322" lat="50.892725"><ele>82.5</ele></trkpt>
   <trkpt lon="-0.163322" lat="50.892247"><ele>81.75</ele></trkpt>
   <trkpt lon="-0.163283" lat="50.891318"><ele>82.75</ele></trkpt>
   <trkpt lon="-0.163286" lat="50.890908"><ele>82.0</ele></trkpt>
   <trkpt lon="-0.163330" lat="50.890520"><ele>80.75</ele></trkpt>
   <trkpt lon="-0.163343" lat="50.890372"><ele>80.25</ele></trkpt>
   <trkpt lon="-0.163436" lat="50.889879"><ele>80.5</ele></trkpt>
   <trkpt lon="-0.163472" lat="50.889741"><ele>80.75</ele></trkpt>
   <trkpt lon="-0.163599" lat="50.889391"><ele>80.75</ele></trkpt>
   <trkpt lon="-0.163799" lat="50.888883"><ele>78.25</ele></trkpt>
   <trkpt lon="-0.164141" lat="50.888220"><ele>77.5</ele></trkpt>
   <trkpt lon="-0.164797" lat="50.886901"><ele>78.0</ele></trkpt>
   <trkpt lon="-0.165306" lat="50.885838"><ele>77.0</ele></trkpt>
   <trkpt lon="-0.165495" lat="50.885385"><ele>77.75</ele></trkpt>
   <trkpt lon="-0.165735" lat="50.884573"><ele>77.75</ele></trkpt>
   <trkpt lon="-0.165901" lat="50.883808"><ele>76.75</ele></trkpt>
   <trkpt lon="-0.165950" lat="50.883265"><ele>76.75</ele></trkpt>
   <trkpt lon="-0.165945" lat="50.882001"><ele>76.0</ele></trkpt>
   <trkpt lon="-0.165776" lat="50.880890"><ele>77.25</ele></trkpt>
   <trkpt lon="-0.165578" lat="50.880178"><ele>75.0</ele></trkpt>
   <trkpt lon="-0.165200" lat="50.878977"><ele>76.0</ele></trkpt>
   <trkpt lon="-0.164978" lat="50.878329"><ele>75.75</ele></trkpt>
   <trkpt lon="-0.164802" lat="50.877849"><ele>74.25</ele></trkpt>
   <trkpt lon="-0.164618" lat="50.877402"><ele>73.5</ele></trkpt>
   <trkpt lon="-0.164425" lat="50.876988"><ele>73.0</ele></trkpt>
   <trkpt lon="-0.164066" lat="50.876340"><ele>71.25</ele></trkpt>
   <trkpt lon="-0.163452" lat="50.875466"><ele>68.5</ele></trkpt>
   <trkpt lon="-0.163178" lat="50.875111"><ele>67.75</ele></trkpt>
   <trkpt lon="-0.162753" lat="50.874648"><ele>67.5</ele></trkpt>
   <trkpt lon="-0.161757" lat="50.873527"><ele>64.75</ele></trkpt>
   <trkpt lon="-0.160780" lat="50.872214"><ele>61.5</ele></trkpt>
   <trkpt lon="-0.161271" lat="50.872049"><ele>65.0</ele></trkpt>
   <trkpt lon="-0.161384" lat="50.872033"><ele>66.75</ele></trkpt>
   <trkpt lon="-0.161432" lat="50.872011"><ele>67.25</ele></trkpt>
   <trkpt lon="-0.160979" lat="50.871489"><ele>62.25</ele></trkpt>
   <trkpt lon="-0.160770" lat="50.871246"><ele>60.25</ele></trkpt>
   <trkpt lon="-0.160253" lat="50.870628"><ele>56.25</ele></trkpt>
   <trkpt lon="-0.159956" lat="50.870286"><ele>55.0</ele></trkpt>
   <trkpt lon="-0.159837" lat="50.870204"><ele>54.75</ele></trkpt>
   <trkpt lon="-0.159438" lat="50.869926"><ele>55.75</ele></trkpt>
   <trkpt lon="-0.159232" lat="50.869605"><ele>56.0</ele></trkpt>
   <trkpt lon="-0.159061" lat="50.869253"><ele>56.75</ele></trkpt>
   <trkpt lon="-0.158905" lat="50.868757"><ele>58.5</ele></trkpt>
   <trkpt lon="-0.158985" lat="50.868445"><ele>59.5</ele></trkpt>
   <trkpt lon="-0.159168" lat="50.868226"><ele>59.0</ele></trkpt>
   <trkpt lon="-0.159381" lat="50.868065"><ele>57.75</ele></trkpt>
   <trkpt lon="-0.159588" lat="50.867953"><ele>58.75</ele></trkpt>
   <trkpt lon="-0.159869" lat="50.867806"><ele>58.0</ele></trkpt>
   <trkpt lon="-0.160192" lat="50.867663"><ele>57.75</ele></trkpt>
   <trkpt lon="-0.160156" lat="50.867631"><ele>57.75</ele></trkpt>
   <trkpt lon="-0.160036" lat="50.867538"><ele>57.0</ele></trkpt>
   <trkpt lon="-0.159553" lat="50.867119"><ele>60.0</ele></trkpt>
   <trkpt lon="-0.159413" lat="50.866984"><ele>58.5</ele></trkpt>
   <trkpt lon="-0.159292" lat="50.866869"><ele>58.25</ele></trkpt>
   <trkpt lon="-0.159253" lat="50.866832"><ele>58.75</ele></trkpt>
   <trkpt lon="-0.158861" lat="50.866995"><ele>56.0</ele></trkpt>
   <trkpt lon="-0.158677" lat="50.867079"><ele>55.5</ele></trkpt>
   <trkpt lon="-0.158392" lat="50.867193"><ele>53.5</ele></trkpt>
   <trkpt lon="-0.158059" lat="50.867294"><ele>53.5</ele></trkpt>
   <trkpt lon="-0.157918" lat="50.867331"><ele>54.5</ele></trkpt>
   <trkpt lon="-0.157713" lat="50.867354"><ele>55.0</ele></trkpt>
   <trkpt lon="-0.157446" lat="50.867379"><ele>54.0</ele></trkpt>
   <trkpt lon="-0.157302" lat="50.867385"><ele>52.25</ele></trkpt>
   <trkpt lon="-0.157267" lat="50.867348"><ele>52.0</ele></trkpt>
   <trkpt lon="-0.157057" lat="50.867343"><ele>51.0</ele></trkpt>
   <trkpt lon="-0.156743" lat="50.867344"><ele>50.5</ele></trkpt>
   <trkpt lon="-0.156390" lat="50.867345"><ele>50.25</ele></trkpt>
   <trkpt lon="-0.155934" lat="50.867366"><ele>50.5</ele></trkpt>
   <trkpt lon="-0.155632" lat="50.867345"><ele>50.25</ele></trkpt>
   <trkpt lon="-0.155577" lat="50.867332"><ele>50.25</ele></trkpt>
   <trkpt lon="-0.155340" lat="50.867195"><ele>49.75</ele></trkpt>
   <trkpt lon="-0.154499" lat="50.866558"><ele>49.5</ele></trkpt>
   <trkpt lon="-0.153320" lat="50.865641"><ele>48.25</ele></trkpt>
   <trkpt lon="-0.153232" lat="50.865686"><ele>48.75</ele></trkpt>
   <trkpt lon="-0.153084" lat="50.865576"><ele>48.25</ele></trkpt>
   <trkpt lon="-0.152800" lat="50.865349"><ele>47.25</ele></trkpt>
   <trkpt lon="-0.152654" lat="50.865212"><ele>46.75</ele></trkpt>
   <trkpt lon="-0.152478" lat="50.865040"><ele>46.0</ele></trkpt>
   <trkpt lon="-0.152400" lat="50.864951"><ele>46.0</ele></trkpt>
   <trkpt lon="-0.152217" lat="50.864710"><ele>45.75</ele></trkpt>
   <trkpt lon="-0.152154" lat="50.864591"><ele>45.75</ele></trkpt>
   <trkpt lon="-0.152013" lat="50.864244"><ele>46.5</ele></trkpt>
   <trkpt lon="-0.152008" lat="50.864228"><ele>46.75</ele></trkpt>
   <trkpt lon="-0.151981" lat="50.864136"><ele>47.25</ele></trkpt>
   <trkpt lon="-0.151967" lat="50.864089"><ele>47.25</ele></trkpt>
   <trkpt lon="-0.151951" lat="50.864036"><ele>47.5</ele></trkpt>
   <trkpt lon="-0.151939" lat="50.863986"><ele>47.5</ele></trkpt>
   <trkpt lon="-0.151924" lat="50.863927"><ele>47.5</ele></trkpt>
   <trkpt lon="-0.151914" lat="50.863821"><ele>48.0</ele></trkpt>
   <trkpt lon="-0.151925" lat="50.863611"><ele>48.75</ele></trkpt>
   <trkpt lon="-0.151934" lat="50.863264"><ele>49.75</ele></trkpt>
   <trkpt lon="-0.151946" lat="50.862837"><ele>50.0</ele></trkpt>
   <trkpt lon="-0.151968" lat="50.862810"><ele>50.25</ele></trkpt>
   <trkpt lon="-0.151972" lat="50.862749"><ele>50.25</ele></trkpt>
   <trkpt lon="-0.151973" lat="50.862713"><ele>50.25</ele></trkpt>
   <trkpt lon="-0.151951" lat="50.862661"><ele>50.0</ele></trkpt>
   <trkpt lon="-0.151954" lat="50.862572"><ele>50.0</ele></trkpt>
   <trkpt lon="-0.151956" lat="50.862326"><ele>49.25</ele></trkpt>
   <trkpt lon="-0.151957" lat="50.862157"><ele>49.0</ele></trkpt>
   <trkpt lon="-0.151958" lat="50.862044"><ele>49.0</ele></trkpt>
   <trkpt lon="-0.151959" lat="50.861875"><ele>48.75</ele></trkpt>
   <trkpt lon="-0.151968" lat="50.860840"><ele>45.0</ele></trkpt>
   <trkpt lon="-0.151983" lat="50.860056"><ele>43.0</ele></trkpt>
   <trkpt lon="-0.152006" lat="50.859775"><ele>42.0</ele></trkpt>
   <trkpt lon="-0.152009" lat="50.859743"><ele>42.0</ele></trkpt>
   <trkpt lon="-0.152041" lat="50.859612"><ele>41.25</ele></trkpt>
   <trkpt lon="-0.152081" lat="50.859449"><ele>40.5</ele></trkpt>
   <trkpt lon="-0.152165" lat="50.859184"><ele>40.0</ele></trkpt>
   <trkpt lon="-0.152349" lat="50.858769"><ele>40.0</ele></trkpt>
   <trkpt lon="-0.152621" lat="50.858330"><ele>39.5</ele></trkpt>
   <trkpt lon="-0.152647" lat="50.858282"><ele>39.5</ele></trkpt>
   <trkpt lon="-0.152724" lat="50.858164"><ele>39.25</ele></trkpt>
   <trkpt lon="-0.152896" lat="50.857899"><ele>39.0</ele></trkpt>
   <trkpt lon="-0.153014" lat="50.857721"><ele>39.0</ele></trkpt>
   <trkpt lon="-0.153103" lat="50.857608"><ele>39.0</ele></trkpt>
   <trkpt lon="-0.153413" lat="50.857212"><ele>38.25</ele></trkpt>
   <trkpt lon="-0.153582" lat="50.856987"><ele>38.0</ele></trkpt>
   <trkpt lon="-0.153596" lat="50.856900"><ele>38.0</ele></trkpt>
   <trkpt lon="-0.153709" lat="50.856710"><ele>38.0</ele></trkpt>
   <trkpt lon="-0.153803" lat="50.856622"><ele>37.75</ele></trkpt>
   <trkpt lon="-0.153825" lat="50.856539"><ele>37.5</ele></trkpt>
   <trkpt lon="-0.154002" lat="50.856248"><ele>37.5</ele></trkpt>
   <trkpt lon="-0.154093" lat="50.856194"><ele>37.25</ele></trkpt>
   <trkpt lon="-0.154210" lat="50.855950"><ele>37.0</ele></trkpt>
   <trkpt lon="-0.154555" lat="50.855317"><ele>36.5</ele></trkpt>
   <trkpt lon="-0.154680" lat="50.855100"><ele>36.0</ele></trkpt>
   <trkpt lon="-0.154802" lat="50.854898"><ele>36.0</ele></trkpt>
   <trkpt lon="-0.154903" lat="50.854703"><ele>35.75</ele></trkpt>
   <trkpt lon="-0.155008" lat="50.854529"><ele>35.25</ele></trkpt>
   <trkpt lon="-0.155120" lat="50.854288"><ele>35.0</ele></trkpt>
   <trkpt lon="-0.155171" lat="50.854097"><ele>35.0</ele></trkpt>
   <trkpt lon="-0.155172" lat="50.854067"><ele>35.0</ele></trkpt>
   <trkpt lon="-0.155172" lat="50.853898"><ele>35.0</ele></trkpt>
   <trkpt lon="-0.155135" lat="50.853682"><ele>35.0</ele></trkpt>
   <trkpt lon="-0.155077" lat="50.853508"><ele>35.0</ele></trkpt>
   <trkpt lon="-0.155006" lat="50.853322"><ele>34.75</ele></trkpt>
   <trkpt lon="-0.154775" lat="50.852916"><ele>34.0</ele></trkpt>
   <trkpt lon="-0.154381" lat="50.852458"><ele>34.0</ele></trkpt>
   <trkpt lon="-0.154086" lat="50.852207"><ele>34.0</ele></trkpt>
   <trkpt lon="-0.153843" lat="50.852001"><ele>34.0</ele></trkpt>
   <trkpt lon="-0.153487" lat="50.851612"><ele>33.25</ele></trkpt>
   <trkpt lon="-0.153423" lat="50.851532"><ele>33.5</ele></trkpt>
   <trkpt lon="-0.153161" lat="50.851188"><ele>33.0</ele></trkpt>
   <trkpt lon="-0.153037" lat="50.851004"><ele>33.0</ele></trkpt>
   <trkpt lon="-0.152884" lat="50.850697"><ele>33.0</ele></trkpt>
   <trkpt lon="-0.152871" lat="50.850623"><ele>33.0</ele></trkpt>
   <trkpt lon="-0.152853" lat="50.850450"><ele>32.5</ele></trkpt>
   <trkpt lon="-0.152889" lat="50.850094"><ele>32.0</ele></trkpt>
   <trkpt lon="-0.152904" lat="50.849949"><ele>32.0</ele></trkpt>
   <trkpt lon="-0.152909" lat="50.849882"><ele>32.0</ele></trkpt>
   <trkpt lon="-0.152907" lat="50.849612"><ele>32.0</ele></trkpt>
   <trkpt lon="-0.152890" lat="50.849363"><ele>32.0</ele></trkpt>
   <trkpt lon="-0.152834" lat="50.849000"><ele>31.5</ele></trkpt>
   <trkpt lon="-0.152798" lat="50.848823"><ele>31.0</ele></trkpt>
   <trkpt lon="-0.152731" lat="50.848558"><ele>31.0</ele></trkpt>
   <trkpt lon="-0.152579" lat="50.848101"><ele>31.0</ele></trkpt>
   <trkpt lon="-0.152552" lat="50.848041"><ele>30.75</ele></trkpt>
   <trkpt lon="-0.152526" lat="50.847982"><ele>30.75</ele></trkpt>
   <trkpt lon="-0.152393" lat="50.847653"><ele>30.25</ele></trkpt>
   <trkpt lon="-0.152278" lat="50.847397"><ele>30.0</ele></trkpt>
   <trkpt lon="-0.152205" lat="50.847260"><ele>30.0</ele></trkpt>
   <trkpt lon="-0.151989" lat="50.846897"><ele>30.0</ele></trkpt>
   <trkpt lon="-0.151705" lat="50.846395"><ele>29.0</ele></trkpt>
   <trkpt lon="-0.151623" lat="50.846194"><ele>29.0</ele></trkpt>
   <trkpt lon="-0.151582" lat="50.846067"><ele>28.75</ele></trkpt>
   <trkpt lon="-0.151503" lat="50.845745"><ele>29.0</ele></trkpt>
   <trkpt lon="-0.151566" lat="50.845653"><ele>29.0</ele></trkpt>
   <trkpt lon="-0.151479" lat="50.845212"><ele>28.75</ele></trkpt>
   <trkpt lon="-0.151479" lat="50.844983"><ele>28.25</ele></trkpt>
   <trkpt lon="-0.151577" lat="50.844433"><ele>27.75</ele></trkpt>
   <trkpt lon="-0.151484" lat="50.844343"><ele>27.75</ele></trkpt>
   <trkpt lon="-0.151484" lat="50.844243"><ele>27.5</ele></trkpt>
   <trkpt lon="-0.151477" lat="50.844043"><ele>27.0</ele></trkpt>
   <trkpt lon="-0.151470" lat="50.843977"><ele>27.0</ele></trkpt>
   <trkpt lon="-0.151448" lat="50.843775"><ele>27.0</ele></trkpt>
   <trkpt lon="-0.151416" lat="50.843635"><ele>27.0</ele></trkpt>
   <trkpt lon="-0.151314" lat="50.843583"><ele>27.0</ele></trkpt>
   <trkpt lon="-0.151276" lat="50.843462"><ele>27.0</ele></trkpt>
   <trkpt lon="-0.151252" lat="50.843391"><ele>27.0</ele></trkpt>
   <trkpt lon="-0.151200" lat="50.843199"><ele>27.0</ele></trkpt>
   <trkpt lon="-0.151080" lat="50.843082"><ele>27.0</ele></trkpt>
   <trkpt lon="-0.151017" lat="50.842573"><ele>27.0</ele></trkpt>
   <trkpt lon="-0.151013" lat="50.842351"><ele>26.5</ele></trkpt>
   <trkpt lon="-0.151024" lat="50.842174"><ele>26.25</ele></trkpt>
   <trkpt lon="-0.151021" lat="50.842072"><ele>26.0</ele></trkpt>
   <trkpt lon="-0.151006" lat="50.841985"><ele>26.0</ele></trkpt>
   <trkpt lon="-0.150993" lat="50.841922"><ele>26.0</ele></trkpt>
   <trkpt lon="-0.150896" lat="50.841698"><ele>26.0</ele></trkpt>
   <trkpt lon="-0.150868" lat="50.841614"><ele>26.0</ele></trkpt>
   <trkpt lon="-0.150874" lat="50.841509"><ele>26.0</ele></trkpt>
   <trkpt lon="-0.150934" lat="50.841421"><ele>26.0</ele></trkpt>
   <trkpt lon="-0.150658" lat="50.840935"><ele>26.0</ele></trkpt>
   <trkpt lon="-0.150630" lat="50.840884"><ele>26.0</ele></trkpt>
   <trkpt lon="-0.150299" lat="50.840448"><ele>25.0</ele></trkpt>
   <trkpt lon="-0.149962" lat="50.840090"><ele>25.0</ele></trkpt>
   <trkpt lon="-0.149492" lat="50.839722"><ele>25.0</ele></trkpt>
   <trkpt lon="-0.149194" lat="50.839545"><ele>25.0</ele></trkpt>
   <trkpt lon="-0.149003" lat="50.839440"><ele>25.0</ele></trkpt>
   <trkpt lon="-0.148873" lat="50.839374"><ele>25.25</ele></trkpt>
   <trkpt lon="-0.148665" lat="50.839344"><ele>24.5</ele></trkpt>
   <trkpt lon="-0.148467" lat="50.839245"><ele>24.25</ele></trkpt>
   <trkpt lon="-0.148343" lat="50.839179"><ele>24.0</ele></trkpt>
   <trkpt lon="-0.148270" lat="50.839057"><ele>24.25</ele></trkpt>
   <trkpt lon="-0.148051" lat="50.838945"><ele>24.0</ele></trkpt>
   <trkpt lon="-0.147757" lat="50.838779"><ele>24.25</ele></trkpt>
   <trkpt lon="-0.147566" lat="50.838674"><ele>24.0</ele></trkpt>
   <trkpt lon="-0.147179" lat="50.838468"><ele>23.75</ele></trkpt>
   <trkpt lon="-0.147011" lat="50.838379"><ele>23.75</ele></trkpt>
   <trkpt lon="-0.146862" lat="50.838293"><ele>23.75</ele></trkpt>
   <trkpt lon="-0.146555" lat="50.838129"><ele>23.25</ele></trkpt>
   <trkpt lon="-0.146051" lat="50.837857"><ele>22.75</ele></trkpt>
   <trkpt lon="-0.145846" lat="50.837743"><ele>23.0</ele></trkpt>
   <trkpt lon="-0.145763" lat="50.837698"><ele>23.0</ele></trkpt>
   <trkpt lon="-0.145644" lat="50.837634"><ele>23.0</ele></trkpt>
   <trkpt lon="-0.145109" lat="50.837338"><ele>22.5</ele></trkpt>
   <trkpt lon="-0.144708" lat="50.837124"><ele>22.25</ele></trkpt>
   <trkpt lon="-0.144318" lat="50.836915"><ele>22.0</ele></trkpt>
   <trkpt lon="-0.144238" lat="50.836872"><ele>22.0</ele></trkpt>
   <trkpt lon="-0.143913" lat="50.836699"><ele>21.0</ele></trkpt>
   <trkpt lon="-0.143799" lat="50.836638"><ele>20.75</ele></trkpt>
   <trkpt lon="-0.143649" lat="50.836630"><ele>20.75</ele></trkpt>
   <trkpt lon="-0.143499" lat="50.836556"><ele>20.75</ele></trkpt>
   <trkpt lon="-0.143434" lat="50.836531"><ele>20.75</ele></trkpt>
   <trkpt lon="-0.143372" lat="50.836516"><ele>20.75</ele></trkpt>
   <trkpt lon="-0.143311" lat="50.836514"><ele>21.0</ele></trkpt>
   <trkpt lon="-0.143280" lat="50.836519"><ele>21.0</ele></trkpt>
   <trkpt lon="-0.143229" lat="50.836529"><ele>21.0</ele></trkpt>
   <trkpt lon="-0.143203" lat="50.836466"><ele>21.0</ele></trkpt>
   <trkpt lon="-0.143171" lat="50.836396"><ele>21.0</ele></trkpt>
   <trkpt lon="-0.143164" lat="50.836375"><ele>20.75</ele></trkpt>
   <trkpt lon="-0.143210" lat="50.836342"><ele>20.5</ele></trkpt>
   <trkpt lon="-0.143258" lat="50.836300"><ele>20.25</ele></trkpt>
   <trkpt lon="-0.142853" lat="50.836077"><ele>20.0</ele></trkpt>
   <trkpt lon="-0.142698" lat="50.835978"><ele>20.25</ele></trkpt>
   <trkpt lon="-0.142495" lat="50.835859"><ele>20.0</ele></trkpt>
   <trkpt lon="-0.142435" lat="50.835818"><ele>20.0</ele></trkpt>
   <trkpt lon="-0.142380" lat="50.835783"><ele>20.0</ele></trkpt>
   <trkpt lon="-0.142269" lat="50.835713"><ele>20.0</ele></trkpt>
   <trkpt lon="-0.142233" lat="50.835690"><ele>20.0</ele></trkpt>
   <trkpt lon="-0.142204" lat="50.835673"><ele>20.0</ele></trkpt>
   <trkpt lon="-0.142176" lat="50.835655"><ele>20.0</ele></trkpt>
   <trkpt lon="-0.142125" lat="50.835626"><ele>20.0</ele></trkpt>
   <trkpt lon="-0.141873" lat="50.835471"><ele>19.5</ele></trkpt>
   <trkpt lon="-0.141398" lat="50.835179"><ele>19.0</ele></trkpt>
   <trkpt lon="-0.141361" lat="50.835138"><ele>19.0</ele></trkpt>
   <trkpt lon="-0.141320" lat="50.835113"><ele>19.0</ele></trkpt>
   <trkpt lon="-0.141299" lat="50.835102"><ele>19.0</ele></trkpt>
   <trkpt lon="-0.141271" lat="50.835088"><ele>19.0</ele></trkpt>
   <trkpt lon="-0.141294" lat="50.835074"><ele>19.0</ele></trkpt>
   <trkpt lon="-0.141756" lat="50.834792"><ele>19.5</ele></trkpt>
   <trkpt lon="-0.140625" lat="50.833929"><ele>18.5</ele></trkpt>
   <trkpt lon="-0.140405" lat="50.833719"><ele>18.75</ele></trkpt>
   <trkpt lon="-0.140337" lat="50.833647"><ele>18.75</ele></trkpt>
   <trkpt lon="-0.140308" lat="50.833619"><ele>18.75</ele></trkpt>
   <trkpt lon="-0.139962" lat="50.833635"><ele>18.75</ele></trkpt>
   <trkpt lon="-0.139676" lat="50.833631"><ele>18.0</ele></trkpt>
   <trkpt lon="-0.139576" lat="50.833597"><ele>18.0</ele></trkpt>
   <trkpt lon="-0.139525" lat="50.833544"><ele>18.0</ele></trkpt>
   <trkpt lon="-0.139500" lat="50.833524"><ele>18.0</ele></trkpt>
   <trkpt lon="-0.139486" lat="50.833513"><ele>18.0</ele></trkpt>
   <trkpt lon="-0.139469" lat="50.833500"><ele>18.0</ele></trkpt>
   <trkpt lon="-0.139060" lat="50.833180"><ele>18.0</ele></trkpt>
   <trkpt lon="-0.139045" lat="50.833167"><ele>18.0</ele></trkpt>
   <trkpt lon="-0.139027" lat="50.833152"><ele>18.0</ele></trkpt>
   <trkpt lon="-0.139023" lat="50.833038"><ele>18.0</ele></trkpt>
   <trkpt lon="-0.138651" lat="50.832712"><ele>18.0</ele></trkpt>
   <trkpt lon="-0.138094" lat="50.832181"><ele>18.0</ele></trkpt>
   <trkpt lon="-0.137607" lat="50.831769"><ele>17.75</ele></trkpt>
   <trkpt lon="-0.137269" lat="50.831484"><ele>17.0</ele></trkpt>
   <trkpt lon="-0.137200" lat="50.831423"><ele>16.75</ele></trkpt>
   <trkpt lon="-0.137155" lat="50.831354"><ele>17.0</ele></trkpt>
   <trkpt lon="-0.136757" lat="50.830665"><ele>17.0</ele></trkpt>
   <trkpt lon="-0.136748" lat="50.830635"><ele>17.0</ele></trkpt>
   <trkpt lon="-0.136757" lat="50.830594"><ele>17.0</ele></trkpt>
   <trkpt lon="-0.137003" lat="50.830570"><ele>18.25</ele></trkpt>
   <trkpt lon="-0.136930" lat="50.830086"><ele>17.75</ele></trkpt>
   <trkpt lon="-0.136869" lat="50.829970"><ele>17.75</ele></trkpt>
   <trkpt lon="-0.136783" lat="50.829457"><ele>17.25</ele></trkpt>
   <trkpt lon="-0.136801" lat="50.828497"><ele>16.0</ele></trkpt>
   <trkpt lon="-0.136802" lat="50.828354"><ele>15.5</ele></trkpt>
   <trkpt lon="-0.136799" lat="50.828062"><ele>15.25</ele></trkpt>
   <trkpt lon="-0.136457" lat="50.828008"><ele>14.75</ele></trkpt>
   <trkpt lon="-0.136319" lat="50.827987"><ele>14.5</ele></trkpt>
   <trkpt lon="-0.136080" lat="50.827955"><ele>13.75</ele></trkpt>
   <trkpt lon="-0.135915" lat="50.827933"><ele>13.25</ele></trkpt>
   <trkpt lon="-0.135521" lat="50.827888"><ele>13.0</ele></trkpt>
   <trkpt lon="-0.135490" lat="50.827888"><ele>13.0</ele></trkpt>
   <trkpt lon="-0.135447" lat="50.827887"><ele>13.0</ele></trkpt>
   <trkpt lon="-0.135406" lat="50.827887"><ele>13.0</ele></trkpt>
   <trkpt lon="-0.135356" lat="50.827124"><ele>12.75</ele></trkpt>
   <trkpt lon="-0.135338" lat="50.826919"><ele>13.0</ele></trkpt>
   <trkpt lon="-0.135359" lat="50.826816"><ele>13.0</ele></trkpt>
   <trkpt lon="-0.135365" lat="50.826795"><ele>13.0</ele></trkpt>
   <trkpt lon="-0.135370" lat="50.826775"><ele>13.0</ele></trkpt>
   <trkpt lon="-0.135379" lat="50.826748"><ele>13.0</ele></trkpt>
   <trkpt lon="-0.135422" lat="50.826616"><ele>13.0</ele></trkpt>
   <trkpt lon="-0.135684" lat="50.826076"><ele>12.25</ele></trkpt>
   <trkpt lon="-0.135856" lat="50.825752"><ele>12.0</ele></trkpt>
   <trkpt lon="-0.135984" lat="50.825482"><ele>12.0</ele></trkpt>
   <trkpt lon="-0.136098" lat="50.825332"><ele>12.0</ele></trkpt>
   <trkpt lon="-0.136150" lat="50.825289"><ele>12.0</ele></trkpt>
   <trkpt lon="-0.136189" lat="50.825260"><ele>12.0</ele></trkpt>
   <trkpt lon="-0.136290" lat="50.825183"><ele>12.0</ele></trkpt>
   <trkpt lon="-0.136405" lat="50.825112"><ele>12.0</ele></trkpt>
   <trkpt lon="-0.136444" lat="50.825084"><ele>12.0</ele></trkpt>
   <trkpt lon="-0.136530" lat="50.825018"><ele>12.0</ele></trkpt>
   <trkpt lon="-0.136698" lat="50.824837"><ele>12.0</ele></trkpt>
   <trkpt lon="-0.136947" lat="50.824309"><ele>11.5</ele></trkpt>
   <trkpt lon="-0.137115" lat="50.823978"><ele>11.25</ele></trkpt>
   <trkpt lon="-0.137150" lat="50.823872"><ele>11.0</ele></trkpt>
   <trkpt lon="-0.137153" lat="50.823831"><ele>11.0</ele></trkpt>
   <trkpt lon="-0.137144" lat="50.823777"><ele>11.0</ele></trkpt>
   <trkpt lon="-0.137120" lat="50.823742"><ele>11.0</ele></trkpt>
   <trkpt lon="-0.137070" lat="50.823671"><ele>11.0</ele></trkpt>
   <trkpt lon="-0.136942" lat="50.823602"><ele>11.0</ele></trkpt>
   <trkpt lon="-0.137167" lat="50.823597"><ele>11.0</ele></trkpt>
   <trkpt lon="-0.137175" lat="50.823582"><ele>11.0</ele></trkpt>
   <trkpt lon="-0.137183" lat="50.823567"><ele>11.0</ele></trkpt>
   <trkpt lon="-0.137178" lat="50.823532"><ele>11.0</ele></trkpt>
   <trkpt lon="-0.137189" lat="50.823523"><ele>11.0</ele></trkpt>
   <trkpt lon="-0.137196" lat="50.823516"><ele>11.0</ele></trkpt>
   <trkpt lon="-0.137215" lat="50.823487"><ele>11.0</ele></trkpt>
   <trkpt lon="-0.137234" lat="50.823458"><ele>11.0</ele></trkpt>
   <trkpt lon="-0.137254" lat="50.823411"><ele>11.0</ele></trkpt>
   <trkpt lon="-0.137168" lat="50.823401"><ele>11.0</ele></trkpt>
   <trkpt lon="-0.137129" lat="50.823387"><ele>11.0</ele></trkpt>
   <trkpt lon="-0.137117" lat="50.823343"><ele>11.0</ele></trkpt>
   <trkpt lon="-0.137023" lat="50.823343"><ele>10.75</ele></trkpt>
   <trkpt lon="-0.136968" lat="50.823329"><ele>10.75</ele></trkpt>
   <trkpt lon="-0.136934" lat="50.823335"><ele>11.0</ele></trkpt>
   <trkpt lon="-0.136779" lat="50.823296"><ele>10.75</ele></trkpt>
   <trkpt lon="-0.136692" lat="50.823214"><ele>10.75</ele></trkpt>
   <trkpt lon="-0.136736" lat="50.823093"><ele>10.75</ele></trkpt>
   <trkpt lon="-0.136804" lat="50.823003"><ele>10.5</ele></trkpt>
   <trkpt lon="-0.136834" lat="50.822915"><ele>10.25</ele></trkpt>
   <trkpt lon="-0.136837" lat="50.822789"><ele>10.25</ele></trkpt>
   <trkpt lon="-0.136802" lat="50.822689"><ele>10.25</ele></trkpt>
   <trkpt lon="-0.136811" lat="50.822582"><ele>10.0</ele></trkpt>
   <trkpt lon="-0.136913" lat="50.822431"><ele>10.0</ele></trkpt>
  </trkseg>
 </trk>
</gpx>
